"url","pageType","status","technicalIssues","disposition","indexingRecommendation","error"
"https://x3yyntt5tp-staging.wpdns.site/2026/05/22/georgia-pre-k-parent-guide/","editorial-single","200","outside-sitemap-internal-links","Improve","Index",""
"https://x3yyntt5tp-staging.wpdns.site/chroma-early-start/","early-start","200","outside-sitemap-internal-links","Improve","Index",""
"https://x3yyntt5tp-staging.wpdns.site/2026/01/07/early-education-expansion-chroma-academys-19-new-locations/","editorial-single","200","outside-sitemap-internal-links","Improve","Index",""
"https://x3yyntt5tp-staging.wpdns.site/2025/12/29/promoting-healthy-eating-habits-for-young-children/","editorial-single","200","outside-sitemap-internal-links","Improve","Index",""
"https://x3yyntt5tp-staging.wpdns.site/es/2025/12/29/promoting-healthy-eating-habits-for-young-children/","editorial-single","200","outside-sitemap-internal-links","Improve","Index",""
"https://x3yyntt5tp-staging.wpdns.site/2025/12/29/home-daycare-vs-childcare-center-a-comparison/","editorial-single","200","keyword-stuffing","Improve","Index",""
"https://x3yyntt5tp-staging.wpdns.site/es/2025/12/29/home-daycare-vs-childcare-center-a-comparison/","editorial-single","200","outside-sitemap-internal-links","Improve","Index",""
"https://x3yyntt5tp-staging.wpdns.site/es/2025/12/29/strategies-for-supporting-children-with-autism-spectrum-disorder/","editorial-single","200","outside-sitemap-internal-links","Improve","Index",""
"https://x3yyntt5tp-staging.wpdns.site/2025/12/29/fostering-emotional-readiness-for-kindergarten-success/","editorial-single","200","outside-sitemap-internal-links","Improve","Index",""
"https://x3yyntt5tp-staging.wpdns.site/es/2025/12/29/understanding-childcare-accreditation-its-importance/","editorial-single","200","outside-sitemap-internal-links","Improve","Index",""
"https://x3yyntt5tp-staging.wpdns.site/es/2025/12/29/top-questions-to-ask-childcare-providers/","editorial-single","200","outside-sitemap-internal-links","Improve","Index",""
"https://x3yyntt5tp-staging.wpdns.site/2025/12/29/helping-children-cope-with-family-changes/","editorial-single","200","outside-sitemap-internal-links","Improve","Index",""
"https://x3yyntt5tp-staging.wpdns.site/es/2025/12/29/helping-children-cope-with-stress-anxiety/","editorial-single","200","outside-sitemap-internal-links","Improve","Index",""
"https://x3yyntt5tp-staging.wpdns.site/2025/12/29/strategies-for-preventing-childhood-obesity/","editorial-single","200","outside-sitemap-internal-links","Improve","Index",""
"https://x3yyntt5tp-staging.wpdns.site/es/2025/12/27/recognizing-developmental-red-flags-in-children/","editorial-single","200","outside-sitemap-internal-links","Improve","Index",""
"https://x3yyntt5tp-staging.wpdns.site/es/2025/12/27/required-enrollment-forms-and-documents-for-registration/","editorial-single","200","outside-sitemap-internal-links","Improve","Index",""
"https://x3yyntt5tp-staging.wpdns.site/es/2025/12/26/supporting-cognitive-development-in-school-age-children/","editorial-single","200","outside-sitemap-internal-links","Improve","Index",""
"https://x3yyntt5tp-staging.wpdns.site/2025/12/26/our-emergency-preparedness-plan-for-childcare-safety/","editorial-single","200","outside-sitemap-internal-links","Improve","Index",""
"https://x3yyntt5tp-staging.wpdns.site/es/2025/12/26/our-emergency-preparedness-plan-for-childcare-safety/","editorial-single","200","outside-sitemap-internal-links","Improve","Index",""
"https://x3yyntt5tp-staging.wpdns.site/2025/12/26/the-benefits-of-play-based-learning-in-preschool/","editorial-single","200","outside-sitemap-internal-links","Improve","Index",""
"https://x3yyntt5tp-staging.wpdns.site/es/2025/12/26/the-benefits-of-play-based-learning-in-preschool/","editorial-single","200","outside-sitemap-internal-links","Improve","Index",""
"https://x3yyntt5tp-staging.wpdns.site/2025/12/26/the-benefits-of-outdoor-learning-in-early-education/","editorial-single","200","outside-sitemap-internal-links","Improve","Index",""
"https://x3yyntt5tp-staging.wpdns.site/2025/12/26/comprehensive-allergy-management-in-our-childcare-centers/","editorial-single","200","outside-sitemap-internal-links","Improve","Index",""
"https://x3yyntt5tp-staging.wpdns.site/es/2025/12/26/comprehensive-allergy-management-in-our-childcare-centers/","editorial-single","200","outside-sitemap-internal-links","Improve","Index",""
"https://x3yyntt5tp-staging.wpdns.site/2025/12/26/fostering-social-emotional-learning-in-early-childhood/","editorial-single","200","outside-sitemap-internal-links","Improve","Index",""
"https://x3yyntt5tp-staging.wpdns.site/2025/12/26/premier-preschool-programs-in-atlanta-georgia/","editorial-single","200","outside-sitemap-internal-links","Improve","Index",""
"https://x3yyntt5tp-staging.wpdns.site/2025/12/26/faqs-about-daily-operations-academy-policies/","editorial-single","200","outside-sitemap-internal-links","Improve","Index",""
"https://x3yyntt5tp-staging.wpdns.site/es/2025/12/26/faqs-about-daily-operations-academy-policies/","editorial-single","200","outside-sitemap-internal-links","Improve","Index",""
"https://x3yyntt5tp-staging.wpdns.site/2025/12/26/key-benefits-of-enrolling-in-after-school-programs/","editorial-single","200","outside-sitemap-internal-links","Improve","Index",""
"https://x3yyntt5tp-staging.wpdns.site/es/2025/12/26/key-benefits-of-enrolling-in-after-school-programs/","editorial-single","200","outside-sitemap-internal-links","Improve","Index",""
"https://x3yyntt5tp-staging.wpdns.site/es/2025/12/26/guide-to-child-development-stages-ages-milestones/","editorial-single","200","outside-sitemap-internal-links","Improve","Index",""
"https://x3yyntt5tp-staging.wpdns.site/2025/12/26/chroma-early-learning-academy-tuition-fees-guide/","editorial-single","200","outside-sitemap-internal-links","Improve","Index",""
"https://x3yyntt5tp-staging.wpdns.site/es/2025/12/26/chroma-early-learning-academy-tuition-fees-guide/","editorial-single","200","outside-sitemap-internal-links","Improve","Index",""
"https://x3yyntt5tp-staging.wpdns.site/es/2025/12/26/practicing-mindful-parenting-for-a-calmer-home/","editorial-single","200","outside-sitemap-internal-links","Improve","Index",""
"https://x3yyntt5tp-staging.wpdns.site/es/2025/12/26/tips-for-creating-inclusive-classrooms-for-all-learners/","editorial-single","200","outside-sitemap-internal-links","Improve","Index",""
"https://x3yyntt5tp-staging.wpdns.site/es/2025/12/26/effective-potty-training-support-in-toddler-programs/","editorial-single","200","outside-sitemap-internal-links","Improve","Index",""
"https://x3yyntt5tp-staging.wpdns.site/es/2025/12/26/understanding-infant-feeding-schedules-nutrition/","editorial-single","200","outside-sitemap-internal-links","Improve","Index",""
"https://x3yyntt5tp-staging.wpdns.site/2025/12/26/exploring-global-early-education-models-practices/","editorial-single","200","outside-sitemap-internal-links","Improve","Index",""
"https://x3yyntt5tp-staging.wpdns.site/2025/12/26/how-to-create-a-cozy-reading-nook-for-kids/","editorial-single","200","outside-sitemap-internal-links","Improve","Index",""
"https://x3yyntt5tp-staging.wpdns.site/2025/12/26/how-nutrition-impacts-early-learning-and-behavior/","editorial-single","200","outside-sitemap-internal-links","Improve","Index",""
"https://x3yyntt5tp-staging.wpdns.site/es/2025/12/26/how-nutrition-impacts-early-learning-and-behavior/","editorial-single","200","outside-sitemap-internal-links","Improve","Index",""
"https://x3yyntt5tp-staging.wpdns.site/2025/12/26/mini-scientists-how-curiosity-fuels-early-stem-learning/","editorial-single","200","outside-sitemap-internal-links","Improve","Index",""
"https://x3yyntt5tp-staging.wpdns.site/2025/12/26/tips-for-planning-family-vacations-with-kids/","editorial-single","200","outside-sitemap-internal-links","Improve","Index",""
"https://x3yyntt5tp-staging.wpdns.site/es/2025/12/26/tips-for-planning-family-vacations-with-kids/","editorial-single","200","outside-sitemap-internal-links","Improve","Index",""
"https://x3yyntt5tp-staging.wpdns.site/es/2025/12/26/easy-diy-learning-games-for-young-children/","editorial-single","200","outside-sitemap-internal-links","Improve","Index",""
"https://x3yyntt5tp-staging.wpdns.site/2025/12/26/the-art-of-storytelling-for-children/","editorial-single","200","outside-sitemap-internal-links","Improve","Index",""
"https://x3yyntt5tp-staging.wpdns.site/2025/12/26/time-management-strategies-for-working-parents/","editorial-single","200","outside-sitemap-internal-links","Improve","Index",""
"https://x3yyntt5tp-staging.wpdns.site/es/2025/12/26/top-classroom-management-strategies-for-preschool/","editorial-single","200","outside-sitemap-internal-links","Improve","Index",""
"https://x3yyntt5tp-staging.wpdns.site/2025/12/26/essential-back-to-school-tips-for-parents-kids/","editorial-single","200","outside-sitemap-internal-links","Improve","Index",""
"https://x3yyntt5tp-staging.wpdns.site/es/2025/12/26/essential-back-to-school-tips-for-parents-kids/","editorial-single","200","outside-sitemap-internal-links","Improve","Index",""
"https://x3yyntt5tp-staging.wpdns.site/2025/12/26/benefits-of-early-intervention-programs-for-children/","editorial-single","200","outside-sitemap-internal-links","Improve","Index",""
"https://x3yyntt5tp-staging.wpdns.site/es/2025/12/26/benefits-of-early-intervention-programs-for-children/","editorial-single","200","outside-sitemap-internal-links","Improve","Index",""
"https://x3yyntt5tp-staging.wpdns.site/2025/12/26/quick-healthy-snack-ideas-for-toddlers/","editorial-single","200","outside-sitemap-internal-links","Improve","Index",""
"https://x3yyntt5tp-staging.wpdns.site/es/2025/12/26/quick-healthy-snack-ideas-for-toddlers/","editorial-single","200","outside-sitemap-internal-links","Improve","Index",""
"https://x3yyntt5tp-staging.wpdns.site/es/2025/12/26/how-to-choose-the-best-preschool-for-your-child/","editorial-single","200","outside-sitemap-internal-links","Improve","Index",""
"https://x3yyntt5tp-staging.wpdns.site/2025/12/26/developing-strong-social-skills-in-preschoolers/","editorial-single","200","outside-sitemap-internal-links","Improve","Index",""
"https://x3yyntt5tp-staging.wpdns.site/es/2025/12/26/developing-strong-social-skills-in-preschoolers/","editorial-single","200","outside-sitemap-internal-links","Improve","Index",""
"https://x3yyntt5tp-staging.wpdns.site/es/2025/12/26/tips-for-establishing-healthy-sleep-routines-for-kids/","editorial-single","200","outside-sitemap-internal-links","Improve","Index",""
"https://x3yyntt5tp-staging.wpdns.site/es/2025/12/26/benefits-of-gamification-in-early-childhood-learning/","editorial-single","200","outside-sitemap-internal-links","Improve","Index",""
"https://x3yyntt5tp-staging.wpdns.site/es/2025/12/26/recognizing-supporting-adhd-in-early-childhood/","editorial-single","200","outside-sitemap-internal-links","Improve","Index",""
"https://x3yyntt5tp-staging.wpdns.site/2025/12/26/top-rated-preschool-programs-in-decatur-ga/","editorial-single","200","outside-sitemap-internal-links","Improve","Index",""
"https://x3yyntt5tp-staging.wpdns.site/2025/12/26/key-benefits-of-enrolling-in-georgia-pre-k/","editorial-single","200","outside-sitemap-internal-links","Improve","Index",""
"https://x3yyntt5tp-staging.wpdns.site/2025/12/26/top-rated-preschool-programs-in-alpharetta-ga/","editorial-single","200","outside-sitemap-internal-links","Improve","Index",""
"https://x3yyntt5tp-staging.wpdns.site/2025/12/26/after-school-programs-in-johns-creek-ga/","editorial-single","200","outside-sitemap-internal-links","Improve","Index",""
"https://x3yyntt5tp-staging.wpdns.site/es/2025/12/26/after-school-programs-in-sandy-springs-ga/","editorial-single","200","outside-sitemap-internal-links","Improve","Index",""
"https://x3yyntt5tp-staging.wpdns.site/2025/12/26/strategies-for-coping-with-parental-burnout/","editorial-single","200","outside-sitemap-internal-links","Improve","Index",""
"https://x3yyntt5tp-staging.wpdns.site/2025/12/26/tips-for-preparing-your-child-for-daycare/","editorial-single","200","outside-sitemap-internal-links","Improve","Index",""
"https://x3yyntt5tp-staging.wpdns.site/es/2025/12/26/creative-date-night-ideas-for-busy-parents/","editorial-single","200","outside-sitemap-internal-links","Improve","Index",""
"https://x3yyntt5tp-staging.wpdns.site/es/2025/12/26/chroma-early-learning-academy-mission-core-values/","editorial-single","200","outside-sitemap-internal-links","Improve","Index",""
"https://x3yyntt5tp-staging.wpdns.site/2025/12/26/fostering-problem-solving-skills-in-preschoolers/","editorial-single","200","outside-sitemap-internal-links","Improve","Index",""
"https://x3yyntt5tp-staging.wpdns.site/es/2025/12/26/fostering-problem-solving-skills-in-preschoolers/","editorial-single","200","outside-sitemap-internal-links","Improve","Index",""
"https://x3yyntt5tp-staging.wpdns.site/2025/12/26/strategies-for-coping-with-separation-anxiety-in-children/","editorial-single","200","outside-sitemap-internal-links","Improve","Index",""
"https://x3yyntt5tp-staging.wpdns.site/es/2025/12/26/strategies-for-coping-with-separation-anxiety-in-children/","editorial-single","200","outside-sitemap-internal-links","Improve","Index",""
"https://x3yyntt5tp-staging.wpdns.site/2025/12/26/benefits-of-inquiry-based-learning-in-early-childhood/","editorial-single","200","outside-sitemap-internal-links","Improve","Index",""
"https://x3yyntt5tp-staging.wpdns.site/2025/12/26/how-to-build-self-esteem-in-young-children/","editorial-single","200","outside-sitemap-internal-links","Improve","Index",""
"https://x3yyntt5tp-staging.wpdns.site/es/2025/12/26/how-to-build-self-esteem-in-young-children/","editorial-single","200","outside-sitemap-internal-links","Improve","Index",""
"https://x3yyntt5tp-staging.wpdns.site/2025/12/26/georgia-pre-k-lottery-program-in-marietta-ga/","editorial-single","200","outside-sitemap-internal-links","Improve","Index",""
"https://x3yyntt5tp-staging.wpdns.site/2025/12/26/key-toddler-developmental-milestones-how-we-support-them/","editorial-single","200","outside-sitemap-internal-links","Improve","Index",""
"https://x3yyntt5tp-staging.wpdns.site/es/2025/12/26/essential-training-for-early-childhood-educators/","editorial-single","200","outside-sitemap-internal-links","Improve","Index",""
"https://x3yyntt5tp-staging.wpdns.site/2025/12/26/kindergarten-readiness-programs-in-duluth-ga/","editorial-single","200","outside-sitemap-internal-links","Improve","Index",""
"https://x3yyntt5tp-staging.wpdns.site/2025/12/26/frequently-asked-questions-about-enrollment/","editorial-single","200","outside-sitemap-internal-links","Improve","Index",""
"https://x3yyntt5tp-staging.wpdns.site/es/2025/12/26/frequently-asked-questions-about-enrollment/","editorial-single","200","outside-sitemap-internal-links","Improve","Index",""
"https://x3yyntt5tp-staging.wpdns.site/2025/12/26/strategies-for-preventing-teacher-burnout/","editorial-single","200","outside-sitemap-internal-links","Improve","Index",""
"https://x3yyntt5tp-staging.wpdns.site/2025/12/26/developing-essential-social-skills-for-kindergarten/","editorial-single","200","outside-sitemap-internal-links","Improve","Index",""
"https://x3yyntt5tp-staging.wpdns.site/2025/12/26/fostering-strong-parent-teacher-relationships/","editorial-single","200","outside-sitemap-internal-links","Improve","Index",""
"https://x3yyntt5tp-staging.wpdns.site/es/2025/12/26/easy-science-experiments-for-kids-at-home/","editorial-single","200","outside-sitemap-internal-links","Improve","Index",""
"https://x3yyntt5tp-staging.wpdns.site/2025/12/26/preschool-vs-daycare-which-is-right-for-your-child/","editorial-single","200","outside-sitemap-internal-links","Improve","Index",""
"https://x3yyntt5tp-staging.wpdns.site/2025/12/26/after-school-programs-in-peachtree-corners-ga/","editorial-single","200","outside-sitemap-internal-links","Improve","Index",""
"https://x3yyntt5tp-staging.wpdns.site/es/2025/12/26/after-school-programs-in-peachtree-corners-ga/","editorial-single","200","outside-sitemap-internal-links","Improve","Index",""
"https://x3yyntt5tp-staging.wpdns.site/es/2025/12/26/creative-family-bonding-activities-for-all-ages/","editorial-single","200","outside-sitemap-internal-links","Improve","Index",""
"https://x3yyntt5tp-staging.wpdns.site/2025/12/26/boosting-infant-cognitive-development-activities/","editorial-single","200","outside-sitemap-internal-links","Improve","Index",""
"https://x3yyntt5tp-staging.wpdns.site/es/2025/12/26/diverse-enrichment-activities-in-after-school-programs/","editorial-single","200","outside-sitemap-internal-links","Improve","Index",""
"https://x3yyntt5tp-staging.wpdns.site/2025/12/26/building-early-math-skills-in-preschool-programs/","editorial-single","200","outside-sitemap-internal-links","Improve","Index",""
"https://x3yyntt5tp-staging.wpdns.site/2025/12/26/guide-to-choosing-the-right-infant-daycare/","editorial-single","200","outside-sitemap-internal-links","Improve","Index",""
"https://x3yyntt5tp-staging.wpdns.site/es/2025/12/26/guide-to-choosing-the-right-infant-daycare/","editorial-single","200","outside-sitemap-internal-links","Improve","Index",""
"https://x3yyntt5tp-staging.wpdns.site/2025/12/26/early-literacy-development-in-our-programs/","editorial-single","200","outside-sitemap-internal-links","Improve","Index",""
"https://x3yyntt5tp-staging.wpdns.site/2025/12/26/schedule-a-tour-of-our-early-learning-academy/","editorial-single","200","outside-sitemap-internal-links","Improve","Index",""
"https://x3yyntt5tp-staging.wpdns.site/2025/12/26/georgia-pre-k-lottery-program-in-duluth-ga/","editorial-single","200","outside-sitemap-internal-links","Improve","Index",""
"https://x3yyntt5tp-staging.wpdns.site/es/2025/12/26/georgia-pre-k-lottery-program-in-duluth-ga/","editorial-single","200","outside-sitemap-internal-links","Improve","Index",""
"https://x3yyntt5tp-staging.wpdns.site/2025/12/26/daycare-vs-nanny-which-is-right-for-your-family/","editorial-single","200","outside-sitemap-internal-links","Improve","Index",""
"https://x3yyntt5tp-staging.wpdns.site/es/2025/12/26/after-school-programs-in-decatur-ga/","editorial-single","200","outside-sitemap-internal-links","Improve","Index",""
"https://x3yyntt5tp-staging.wpdns.site/2025/12/26/the-importance-of-reading-aloud-to-young-children/","editorial-single","200","outside-sitemap-internal-links","Improve","Index",""
"https://x3yyntt5tp-staging.wpdns.site/2025/12/26/engaging-math-games-for-preschoolers-at-home/","editorial-single","200","outside-sitemap-internal-links","Improve","Index",""
"https://x3yyntt5tp-staging.wpdns.site/es/2025/12/26/kindergarten-readiness-programs-in-smyrna-ga/","editorial-single","200","outside-sitemap-internal-links","Improve","Index",""
"https://x3yyntt5tp-staging.wpdns.site/es/2025/12/26/creative-art-projects-for-kids-at-home/","editorial-single","200","outside-sitemap-internal-links","Improve","Index",""
"https://x3yyntt5tp-staging.wpdns.site/2025/12/26/fun-summer-learning-activities-for-children/","editorial-single","200","outside-sitemap-internal-links","Improve","Index",""
"https://x3yyntt5tp-staging.wpdns.site/2025/12/26/benefits-of-music-and-movement-in-early-childhood/","editorial-single","200","outside-sitemap-internal-links","Improve","Index",""
"https://x3yyntt5tp-staging.wpdns.site/2025/12/26/kindergarten-readiness-programs-in-marietta-ga/","editorial-single","200","outside-sitemap-internal-links","Improve","Index",""
"https://x3yyntt5tp-staging.wpdns.site/2025/12/26/top-rated-preschool-programs-in-peachtree-corners-ga/","editorial-single","200","outside-sitemap-internal-links","Improve","Index",""
"https://x3yyntt5tp-staging.wpdns.site/es/2025/12/26/top-rated-preschool-programs-in-peachtree-corners-ga/","editorial-single","200","outside-sitemap-internal-links","Improve","Index",""
"https://x3yyntt5tp-staging.wpdns.site/2025/12/26/after-school-programs-in-alpharetta-ga/","editorial-single","200","outside-sitemap-internal-links","Improve","Index",""
"https://x3yyntt5tp-staging.wpdns.site/2025/12/26/the-role-of-ai-in-early-childhood-education/","editorial-single","200","outside-sitemap-internal-links","Improve","Index",""
"https://x3yyntt5tp-staging.wpdns.site/es/2025/12/26/ensure-childcare-safety-our-commitment-to-health-policies/","editorial-single","200","outside-sitemap-internal-links","Improve","Index",""
"https://x3yyntt5tp-staging.wpdns.site/es/2025/12/26/loving-infant-care-programs-nurturing-your-babys-growth/","editorial-single","200","outside-sitemap-internal-links","Improve","Index",""
"https://x3yyntt5tp-staging.wpdns.site/2025/12/16/early-education-trends-us-2025-key-insights-and-best-practices-for-future-learning/","editorial-single","200","outside-sitemap-internal-links","Improve","Index",""
"https://x3yyntt5tp-staging.wpdns.site/es/2025/12/16/early-education-trends-us-2025-key-insights-and-best-practices-for-future-learning/","editorial-single","200","outside-sitemap-internal-links","Improve","Index",""
"https://x3yyntt5tp-staging.wpdns.site/2025/12/16/how-to-strengthen-home-school-connections-for-early-learners-to-boost-family-engagement-and-child-development/","editorial-single","200","outside-sitemap-internal-links","Improve","Index",""
"https://x3yyntt5tp-staging.wpdns.site/es/2025/12/16/how-to-strengthen-home-school-connections-for-early-learners-to-boost-family-engagement-and-child-development/","editorial-single","200","outside-sitemap-internal-links","Improve","Index",""
"https://x3yyntt5tp-staging.wpdns.site/es/2025/12/16/chroma-academy-parent-involvement-tactics-for-effective-family-engagement-in-early-learning/","editorial-single","200","outside-sitemap-internal-links","Improve","Index",""
"https://x3yyntt5tp-staging.wpdns.site/2025/12/16/loving-infant-care-programs-nurturing-your-babys-needs/","editorial-single","200","outside-sitemap-internal-links","Improve","Index",""
"https://x3yyntt5tp-staging.wpdns.site/es/2025/12/16/loving-infant-care-programs-nurturing-your-babys-needs/","editorial-single","200","outside-sitemap-internal-links","Improve","Index",""
"https://x3yyntt5tp-staging.wpdns.site/es/2025/12/16/essential-curriculum-assessment-tools-for-early-learners/","editorial-single","200","outside-sitemap-internal-links","Improve","Index",""
"https://x3yyntt5tp-staging.wpdns.site/es/2025/12/11/how-to-choose-a-preschool-or-daycare-centre-essential-questions-to-ask-for-parents/","editorial-single","200","outside-sitemap-internal-links","Improve","Index",""
"https://x3yyntt5tp-staging.wpdns.site/es/2025/12/10/5-things-to-say-instead-of-stop-crying/","editorial-single","200","outside-sitemap-internal-links","Improve","Index",""
"https://x3yyntt5tp-staging.wpdns.site/2025/12/10/why-children-need-movement-every-day/","editorial-single","200","outside-sitemap-internal-links","Improve","Index",""
"https://x3yyntt5tp-staging.wpdns.site/2025/12/10/top-strategies-to-boost-employee-retention-and-build-long-term-organizational-loyalty/","editorial-single","200","outside-sitemap-internal-links","Improve","Index",""
"https://x3yyntt5tp-staging.wpdns.site/es/2025/12/10/how-employee-benefits-surveys-boost-retention-and-support-business-growth/","editorial-single","200","outside-sitemap-internal-links","Improve","Index",""
"https://x3yyntt5tp-staging.wpdns.site/es/2025/12/10/top-10-employee-retention-strategies-that-boost-job-satisfaction-and-cut-turnover/","editorial-single","200","outside-sitemap-internal-links","Improve","Index",""
"https://x3yyntt5tp-staging.wpdns.site/communities/","community-archive","200","outside-sitemap-internal-links","Improve","Index",""
"https://x3yyntt5tp-staging.wpdns.site/es/communities/","community-archive","200","outside-sitemap-internal-links","Improve","Index",""
"https://x3yyntt5tp-staging.wpdns.site/2025/12/09/chroma-early-learning-academy-design-principles-explained-understanding-the-chroma-spectrum-early-learning-framework/","editorial-single","200","outside-sitemap-internal-links","Improve","Index",""
"https://x3yyntt5tp-staging.wpdns.site/2025/12/09/integrating-technology-in-early-childhood-education-for-better-outcomes-benefits-tools-and-parental-guidance/","editorial-single","200","outside-sitemap-internal-links","Improve","Index",""
"https://x3yyntt5tp-staging.wpdns.site/es/2025/12/09/integrating-technology-in-early-childhood-education-for-better-outcomes-benefits-tools-and-parental-guidance/","editorial-single","200","outside-sitemap-internal-links","Improve","Index",""
"https://x3yyntt5tp-staging.wpdns.site/2025/12/04/the-importance-of-play-in-early-childhood-development-benefits-activities-and-learning-outcomes/","editorial-single","200","outside-sitemap-internal-links","Improve","Index",""
"https://x3yyntt5tp-staging.wpdns.site/es/2025/12/04/the-importance-of-play-in-early-childhood-development-benefits-activities-and-learning-outcomes/","editorial-single","200","outside-sitemap-internal-links","Improve","Index",""
"https://x3yyntt5tp-staging.wpdns.site/2025/12/04/essential-technology-tools-for-early-childhood-learning-benefits-applications-and-parent-guidance/","editorial-single","200","outside-sitemap-internal-links","Improve","Index",""
"https://x3yyntt5tp-staging.wpdns.site/2025/12/04/chroma-early-learning-academy-enrollment-faqs-you-need-to-know-complete-guide-to-programs-process-and-parent-resources/","editorial-single","200","outside-sitemap-internal-links","Improve","Index",""
"https://x3yyntt5tp-staging.wpdns.site/es/2025/12/03/how-preschool-prepares-children-for-kindergarten-success-benefits-skills-and-readiness-strategies/","editorial-single","200","outside-sitemap-internal-links","Improve","Index",""
"https://x3yyntt5tp-staging.wpdns.site/2025/12/03/key-signs-your-child-is-ready-for-kindergarten-academic-and-social-readiness-indicators-for-parents/","editorial-single","200","outside-sitemap-internal-links","Improve","Index",""
"https://x3yyntt5tp-staging.wpdns.site/es/2025/12/03/key-signs-your-child-is-ready-for-kindergarten-academic-and-social-readiness-indicators-for-parents/","editorial-single","200","outside-sitemap-internal-links","Improve","Index",""
"https://x3yyntt5tp-staging.wpdns.site/es/2025/12/03/early-childhood-assessment-methods-explained-comprehensive-guide-to-child-development-and-kindergarten-readiness/","editorial-single","200","outside-sitemap-internal-links","Improve","Index",""
"https://x3yyntt5tp-staging.wpdns.site/2025/12/03/how-parent-involvement-shapes-curriculum-success-in-early-learning/","editorial-single","200","outside-sitemap-internal-links","Improve","Index",""
"https://x3yyntt5tp-staging.wpdns.site/es/2025/12/03/10-practical-steps-to-budget-for-your-childs-early-education-expenses-year-round/","editorial-single","200","outside-sitemap-internal-links","Improve","Index",""
"https://x3yyntt5tp-staging.wpdns.site/2025/12/03/how-quality-of-care-influences-pricing-in-early-childhood-education-services/","editorial-single","200","outside-sitemap-internal-links","Improve","Index",""
"https://x3yyntt5tp-staging.wpdns.site/2025/12/03/why-early-learning-assessments-are-essential-for-your-childs-success-at-chroma-academy/","editorial-single","200","outside-sitemap-internal-links","Improve","Index",""
"https://x3yyntt5tp-staging.wpdns.site/2025/12/03/the-wrong-way-to-raise-confidence/","editorial-single","200","outside-sitemap-internal-links","Improve","Index",""
"https://x3yyntt5tp-staging.wpdns.site/2025/12/02/the-surprising-benefits-of-early-childhood-education-why-it-matters-for-your-childs-development-and-future-success/","editorial-single","200","outside-sitemap-internal-links","Improve","Index",""
"https://x3yyntt5tp-staging.wpdns.site/es/2025/12/02/the-surprising-benefits-of-early-childhood-education-why-it-matters-for-your-childs-development-and-future-success/","editorial-single","200","outside-sitemap-internal-links","Improve","Index",""
"https://x3yyntt5tp-staging.wpdns.site/2025/12/02/the-psychology-behind-toy-throwing-understanding-your-childs-behavior/","editorial-single","200","outside-sitemap-internal-links","Improve","Index",""
"https://x3yyntt5tp-staging.wpdns.site/2025/12/02/why-you-should-not-over-react-when-your-child-gets-hurt-calm-parenting-and-emotional-support-strategies/","editorial-single","200","outside-sitemap-internal-links","Improve","Index",""
"https://x3yyntt5tp-staging.wpdns.site/es/2025/12/02/why-you-should-not-over-react-when-your-child-gets-hurt-calm-parenting-and-emotional-support-strategies/","editorial-single","200","outside-sitemap-internal-links","Improve","Index",""
"https://x3yyntt5tp-staging.wpdns.site/es/2025/12/02/choosing-between-full-day-and-half-day-preschool-practical-guidance-every-parent-can-use/","editorial-single","200","outside-sitemap-internal-links","Improve","Index",""
"https://x3yyntt5tp-staging.wpdns.site/2025/12/02/how-nutrition-impacts-early-learning-and-behavior-essential-insights-for-child-brain-development-and-cognitive-function/","editorial-single","200","outside-sitemap-internal-links","Improve","Index",""
"https://x3yyntt5tp-staging.wpdns.site/2025/12/02/how-reading-aloud-builds-your-childs-brain/","editorial-single","200","outside-sitemap-internal-links","Improve","Index",""
"https://x3yyntt5tp-staging.wpdns.site/careers/","careers","200","keyword-stuffing","Improve","Index",""
"https://x3yyntt5tp-staging.wpdns.site/es/careers/","careers","200","keyword-stuffing","Improve","Index",""
"https://x3yyntt5tp-staging.wpdns.site/stories/","editorial-archive","200","keyword-stuffing | outside-sitemap-internal-links","Improve","Index",""
"https://x3yyntt5tp-staging.wpdns.site/es/stories/","editorial-archive","200","outside-sitemap-internal-links","Improve","Index",""
"https://x3yyntt5tp-staging.wpdns.site/about/","about","200","superlative-needs-context-review","Improve","Index",""