4237	Johns Creek Campus	_chroma_caps_accepted	
4237	Johns Creek Campus	_chroma_ga_pre_k_accepted	
4237	Johns Creek Campus	_chroma_license_number	
4237	Johns Creek Campus	location_ages_served	6w-12y
4237	Johns Creek Campus	location_description	Your trusted partner for daycare johns creek ga, preschool, and early learning programs tailored for families across North Fulton.
\n
\nDiscover exceptional childcare and preschool programs at Chroma Early Learning Academy in Johns Creek, GA. Blending innovation and care, we offer STEAM-based learning, infant programs, and school pickup services from local elementary schools, nurturing growth in a vibrant, family-focused community.
4237	Johns Creek Campus	location_hero_review_text	The Fall Festival at Chroma Early Learning Academy was absolutely amazing! From the moment we arrived, everything was warm, welcoming, and beautifully organized. The staff went above and beyond to create a safe and festive atmosphere for the children and families.
\nThe activities were thoughtful and fun — from creative crafts and games to delicious seasonal treats, there was something for everyone to enjoy. The kids had a blast exploring, laughing, and learning, and we could truly feel the sense
4237	Johns Creek Campus	location_quality_rated	1
4237	Johns Creek Campus	location_school_pickups	Barnwell Elementary School — 9425 Barnwell Road, Johns Creek, GA 30022
\n
\n• Medlock Bridge Elementary School — 10215 Medlock Bridge Parkway, Johns Creek, GA 30022
\n
\nOcee Elementary School — 4375 Kimball Bridge Road, Johns Creek, GA 30022
\nState Bridge Crossing Elementary School — 5530 State Bridge Road, Johns Creek, GA 30022
\nAbbotts Hill Elementary School — 5575 Abbotts Bridge Road, Johns Creek, GA 30097
4237	Johns Creek Campus	location_seo_content_text	📍 Neighborhoods & Areas Served – Johns Creek Campus, GA
\n
\nChroma Early Learning Academy – Johns Creek Campus provides trusted daycare, childcare, preschool, and school-age programs for families throughout Johns Creek, GA, and nearby areas in North Fulton County. Our safe and nurturing environment supports children from infancy through school age, focusing on early academics, social development, and school readiness.
\n
\nWe proudly serve families from surrounding neighborhoods and communities inc
4237	Johns Creek Campus	location_special_programs	
4287	Tyrone Campus	_chroma_caps_accepted	
4287	Tyrone Campus	_chroma_ga_pre_k_accepted	
4287	Tyrone Campus	_chroma_license_number	
4287	Tyrone Campus	location_ages_served	
4287	Tyrone Campus	location_description	At Chroma Early Learning Academy, we provide a nurturing environment where your child's growth and development take center stage. Situated in the vibrant community of Tyrone, GA, we offer innovative and personalized learning experiences designed to foster creativity and independence. Discover a place where education meets care.
4287	Tyrone Campus	location_hero_review_text	Have you ever heard of a daycare, after school, or summer camp serve breakfast-lunch…& DINNER??!!🤯 My daughter has been going there since she was 3! She’s 8 now! From my experience..Mrs. Kim teaches on character & hygiene and Coach teaches athletics and discipline! It’s a family atmosphere! The activities for the summer are AMAZING! I’ve actually called off work before... because I wanna gooo! All I can say is.. I’m thankful!! It really does takes a village!! I do miss Petey though.. that’s the 
4287	Tyrone Campus	location_quality_rated	1
4287	Tyrone Campus	location_school_pickups	Robert J. Burch Elementary School – 330 Jenkins Rd, Tyrone, GA 30290
\nTyrone Elementary School – 876 Senoia Rd, Tyrone, GA 30290
\nCrabapple Lane Elementary School – 450 Crabapple Ln, Peachtree City, GA 30269
\nKedron Elementary School – 200 Kedron Dr, Peachtree City, GA 30269
\nPeeples Elementary School – 153 Panhandle Rd, Fayetteville, GA 30215
4287	Tyrone Campus	location_seo_content_text	📍 Neighborhoods & Areas Served – Tyrone Campus, GA
\n
\nChroma Early Learning Academy – Tyrone Campus offers trusted daycare, childcare, preschool, and school-age programs for families throughout Tyrone, GA, and surrounding communities in Fayette County. Our safe, nurturing learning environment supports children from infancy through school age, helping them grow academically, socially, and emotionally.
\n
\nWe proudly serve families from nearby areas including Peachtree City, Fayetteville, Fairburn,
4287	Tyrone Campus	location_special_programs	
4288	Lawrenceville Campus	_chroma_caps_accepted	
4288	Lawrenceville Campus	_chroma_ga_pre_k_accepted	
4288	Lawrenceville Campus	_chroma_license_number	
4288	Lawrenceville Campus	location_ages_served	
4288	Lawrenceville Campus	location_description	Discover exceptional childcare at Chroma Early Learning Academy in Lawrenceville and Duluth, GA. Our STEAM-based curriculum, nurturing teachers, and safe, family-focused environment help children learn, grow, and thrive. Conveniently located on Club Dr with school pickup from top Gwinnett County elementary schools.
4288	Lawrenceville Campus	location_hero_review_text	I absolutely love the school! My daughter started in January and she has completely moved up and is ready for Kindergarten. When she came she was just starting to write. And now she is writing her name in no time. She has the best Teachers (Ms.leza And Ms. Brittany) ever. And the stuff is so amazing all around. I would Definitely recommend this school to everyone I know!!!
4288	Lawrenceville Campus	location_quality_rated	1
4288	Lawrenceville Campus	location_school_pickups	Corley Elementary - 1331 Pleasant Hill Rd, Lawrenceville, GA 30044
\nKanoheda Elementary - 1025 Herrington Rd, Lawrenceville, GA 30044
\nFerguson Elementary - 1755 Centerview Dr, Duluth, GA 30096
\nMinor Elementary - 4129 Shady Dr NW, Lilburn, GA 30047
\nChesney Elementary - 3878 Old Norcross Rd, Duluth, GA 30096
\nNew life academy of Excellence - 4725 River Green Pkwy, Duluth, GA 30096
\nBaggett Elementary School - 2136 Old Norcross Rd, Lawrenceville, GA 30044
\nRichards middle - 3555 Sugarloaf Pkwy, 
4288	Lawrenceville Campus	location_seo_content_text	Families in the Five Forks, Mountain Park, and Club Drive corridor choose Chroma Early Learning Academy for dependable childcare in Lawrenceville. Our campus at 3650 Club Drive sits close to Shorty Howell Park and the Sugarloaf Parkway, making it easy for parents commuting toward Gwinnett Medical Center, Atlantic Station, or the I-85 corridor.
\n
\n## Programs for Every Stage — 6 Weeks Through Age 12
\n
\nChroma Lawrenceville serves children from infancy through school age with programs rooted in ST
4288	Lawrenceville Campus	location_special_programs	
4289	Downtown Duluth	_chroma_caps_accepted	
4289	Downtown Duluth	_chroma_ga_pre_k_accepted	
4289	Downtown Duluth	_chroma_license_number	
4289	Downtown Duluth	location_ages_served	
4289	Downtown Duluth	location_description	At Chroma Early Learning Academy, we provide a nurturing environment where your child's growth and development take center stage. Situated in the vibrant community of Pleasant Hill, GA, we offer innovative and personalized learning experiences designed to foster creativity and independence. Discover a place where education meets care.
4289	Downtown Duluth	location_hero_review_text	I don't even know where to start with how impressed I am with this place. I am extremely particular about where I send my kids and not one day have I felt hesitant or as if I have made the wrong daycare and aftercare school decision for my babies. The staff, Ms. Renee', Ms. Tabby, Ms. Tamika, and Ms. Katrina, just to name a few are AMAZING. I am greated daily both in the morning and afternoon. And the one main thing that sold me on this location is the care and concern they personally have for t
4289	Downtown Duluth	location_quality_rated	1
4289	Downtown Duluth	location_school_pickups	Pleasant Hill Elementary School – 3270 Brownlee Rd, Duluth, GA 30096
\nFerguson Elementary School – 1755 Centerview Dr, Duluth, GA 30096
\nCorley Elementary School – 1331 Pleasant Hill Rd, Lawrenceville, GA 30044
\nKanoheda Elementary School – 1025 Herrington Rd, Lawrenceville, GA 30044
\nMeadowcreek Elementary School – 2795 Residential Dr, Duluth, GA 30096
4289	Downtown Duluth	location_seo_content_text	📍 Neighborhoods, Areas Served & Nearby Schools – Pleasant Hill / Duluth Campus, GA
\n
\nChroma Early Learning Academy – Pleasant Hill / Duluth Campus provides trusted daycare, childcare, preschool, GA Pre-K, and school-age programs for families throughout Duluth, GA, and surrounding North Metro Atlanta communities. Our nurturing, secure early learning environment is designed to support children from infancy through school age, helping build strong academic, social, and emotional foundations.
\n
\nWe
4289	Downtown Duluth	location_special_programs	
4290	Tramore Campus	_chroma_caps_accepted	
4290	Tramore Campus	_chroma_ga_pre_k_accepted	
4290	Tramore Campus	_chroma_license_number	
4290	Tramore Campus	location_ages_served	
4290	Tramore Campus	location_description	
4290	Tramore Campus	location_hero_review_text	My daughter has been a student here since she was 10 weeks old. This was my first time ever dealing with a daycare. When I took my tour Ms. Jalisha was so nice and answered any and all questions. She is so warm and welcoming. If you are considering childcare this will be your best option. My daughter is now 8 months and is advanced for her age thanks to her amazing teachers. She is still a student there.
4290	Tramore Campus	location_quality_rated	
4290	Tramore Campus	location_school_pickups	
4290	Tramore Campus	location_seo_content_text	📍 Neighborhoods & Areas Served – Tramore Park Campus, Austell, GA
\n
\nChroma Early Learning Academy – Tramore Park Campus (formerly Austell Learning Academy) provides trusted daycare, childcare, preschool, and school-age programs for families throughout Austell, GA, and nearby South Cobb communities. Our nurturing, secure early learning environment supports children from infancy through school age with engaging activities designed to build confidence, curiosity, and school readiness. 
\n
\n
\nWe pro
4290	Tramore Campus	location_special_programs	
4336	Mcdonough Campus	_chroma_license_number	
4336	Mcdonough Campus	location_ages_served	6w - 12y
4336	Mcdonough Campus	location_description	Welcome to Chroma Early Learning Academy, where the foundation of lifetime learning begins. Our approach combines nurturing care with engaging, structured activities tailored for your children's development. Serving families in McDonough, GA, we ensure a safe, enriching environment tailored to boost your children's creativity and love for learning.
4336	Mcdonough Campus	location_hero_review_text	Ms. Tashia and Ms. Stacey are exceptional educators! Ms. Tashia teaches the 4-year-old class, and she excels in every aspect of her role. My child adores her, and it’s evident that she genuinely cares for each student. Academically, she equips her students with essential knowledge, preparing them for the next grade level. Her patience and passion shine through. Not only does she teach necessary learning skills, but she also imparts valuable life skills for independence. I’ve never encountered an
4336	Mcdonough Campus	location_quality_rated	1
4336	Mcdonough Campus	location_school_pickups	
4336	Mcdonough Campus	location_seo_content_text	📍 Neighborhoods & Areas Served – McDonough Campus, GA
\n
\nChroma Early Learning Academy – McDonough Campus provides trusted daycare, childcare, preschool, and early learning programs for families throughout McDonough, GA, and surrounding areas of Henry County. Our nurturing and secure environment supports children from infants through school-age, helping them grow academically, socially, and emotionally.
\n
\nWe proudly serve families from nearby neighborhoods and communities including Eagles Landi
4336	Mcdonough Campus	location_special_programs	
4406	Cherokee Academy by Chroma, Canton GA	_chroma_caps_accepted	
4406	Cherokee Academy by Chroma, Canton GA	_chroma_ga_pre_k_accepted	
4406	Cherokee Academy by Chroma, Canton GA	_chroma_license_number	
4406	Cherokee Academy by Chroma, Canton GA	location_ages_served	6w-12y
4406	Cherokee Academy by Chroma, Canton GA	location_description	Discover exceptional childcare at Chroma Early Learning Academy in Canton, GA. Our STEAM-based curriculum, nurturing teachers, and safe, family-focused environment help children learn, grow, and thrive. Conveniently located on Upper Burris Road with school pickup from top Cherokee County elementary schools.
4406	Cherokee Academy by Chroma, Canton GA	location_hero_review_text	Cherokee Academy has been an absolute blessing for our family. Every morning when I drop my child off for pre-K, I’m greeted by the warm, welcoming presence of the director Nadine, and it truly sets the tone for the day. That simple, genuine kindness means more than words can express. it gives me such peace knowing my child is stepping into a place where they are cared for, seen, and valued.
\nThe entire staff at Cherokee Academy is exceptional. Their passion for early childhood education shines 
4406	Cherokee Academy by Chroma, Canton GA	location_quality_rated	1
4406	Cherokee Academy by Chroma, Canton GA	location_school_pickups	Clayton Elementary School – 221 Upper Burris Road, Canton, GA 30114
\nKnox Elementary School – 151 River Bend Way, Canton, GA 30114
\nHasty Elementary Fine Arts Academy – 205 Brown Industrial Parkway, Canton, GA 30114
\nSixes Elementary School – 20 Ridge Road, Canton, GA 30114
\nLiberty Elementary School – 10500 Bells Ferry Road, Canton, GA 30114
4406	Cherokee Academy by Chroma, Canton GA	location_seo_content_text	📍 Neighborhoods, Areas Served & Nearby Schools – Canton, GA
\n
\nCherokee Academy by Chroma is a trusted preschool and child care learning center in Canton, GA, providing quality early education and school-age child care for local families. We proudly serve neighborhoods including River Green, Towne Mill, Great Sky, Harmony on the Lakes, Bridgemill, and Mountain Brook, along with nearby communities such as Woodstock, Holly Springs, Ball Ground, and East Cherokee County. Our convenient location mak
4406	Cherokee Academy by Chroma, Canton GA	location_special_programs	
4407	Lilburn Campus	_chroma_caps_accepted	
4407	Lilburn Campus	_chroma_ga_pre_k_accepted	
4407	Lilburn Campus	_chroma_license_number	
4407	Lilburn Campus	location_ages_served	6w-12y
4407	Lilburn Campus	location_description	Experience exceptional childcare at Chroma Early Learning Academy in Lilburn, GA. Our STEAM-based curriculum, nurturing educators, and safe, family-focused environment help children grow with confidence. Conveniently located on Killian Hill Road with school pickup for Lilburn’s top elementary schools.
4407	Lilburn Campus	location_hero_review_text	My son started attending this daycare when he was just a baby up through him being 3.5. This is such a wonderful daycare and I really trusted them with caring for my son. I hated that we moved and we had to switch daycares, but they are so friendly, caring, and loving to the children. We will miss Ms. Maria and all the staff, they were so wonderful to us. I would recommend this daycare because not only are the staff wonderful, but my son learned so much going there and you can tell that the teac
4407	Lilburn Campus	location_quality_rated	1
4407	Lilburn Campus	location_school_pickups	Lilburn Elementary School — 531 Lilburn School Road NW, Lilburn, GA 30047.
\nCamp Creek Elementary School — 958 Cole Rd SW, Lilburn, GA 30047. 
\nMountain Park Elementary School — 1500 Pounds Rd SW, Lilburn, GA 30047
\nKnight Elementary School — 401 N River Dr SW, Lilburn, GA 30047. 
\nHead Elementary School — 1801 Hewatt Rd SW, Lilburn, GA 30047.
\nShiloh Middle School - 4285 shiloh rd Snellville Ga 30039
\nShiloh Elementary School - 2400 Ross Rd Snellville Ga 30039
\nSt John Neumann Regional Catholic
4407	Lilburn Campus	location_seo_content_text	📍 Neighborhoods, Areas Served & Nearby Schools – Lilburn Campus, Lilburn, GA
\n
\nChroma Early Learning Academy – Lilburn Campus provides high-quality daycare, childcare, preschool, and school-age programs for families throughout Lilburn, GA, and surrounding communities. Our center offers a safe, nurturing, and engaging early learning environment that supports children’s academic, social, and emotional development from infancy through school age.
\n
\nWe proudly serve families from nearby areas incl
4407	Lilburn Campus	location_special_programs	
4408	Marietta Campus ( East )	_chroma_caps_accepted	
4408	Marietta Campus ( East )	_chroma_ga_pre_k_accepted	
4408	Marietta Campus ( East )	_chroma_license_number	
4408	Marietta Campus ( East )	location_ages_served	6w-12y
4408	Marietta Campus ( East )	location_description	Discover exceptional childcare at Chroma Early Learning Academy - a trusted marietta early learning center offering a nurturing environment and innovative educational programs designed to support your child’s growth and development in Marietta, GA. As one of the best daycares in marietta ga, our team is committed to creating a safe, engaging, and enriching learning journey for every family.
4408	Marietta Campus ( East )	location_hero_review_text	I enrolled my 1 and 2.5 year old kids at the beginning of this year and it has been a really great experience! It is the first time both of my kids had been in full-day care and the teachers were SO helpful. Both my kids are slow to warm, but when I go they both are happy to see their teachers and the other kids! The facility is clean, healthy meals provided, and the teachers are great. I am also regularly updated throughout the day on what they are doing/learning which is very helpful to me as 
4408	Marietta Campus ( East )	location_quality_rated	1
4408	Marietta Campus ( East )	location_school_pickups	Eastvalley Elementary School – 2570 Lower Roswell Rd, Marietta, GA 30067
\nSedalia Park Elementary School – 2235 Lower Roswell Rd, Marietta, GA 30068
\nPowers Ferry Elementary School – 403 Powers Ferry Rd SE, Marietta, GA 30067
\nSope Creek Elementary School – 3320 Paper Mill Rd SE, Marietta, GA 30067
\nMurdock Elementary School – 2320 Murdock Rd, Marietta, GA 30062
\nMount Bethel Elementary School – 1210 Johnson Ferry Rd, Marietta, GA 30068
\nBrumby Elementary School – 1306 Powers Ferry Rd SE, Mariet
4408	Marietta Campus ( East )	location_seo_content_text	📍 Neighborhoods, Areas Served & Nearby Schools – Chroma Early Learning Academy of Marietta, GA
\n
\nChroma Early Learning Academy of Marietta, GA offers high-quality daycare, childcare, and preschool programs for families seeking a safe, nurturing, and educational environment for their children. Our Marietta daycare and early learning center supports infants, toddlers, preschoolers, and school-age children with developmentally appropriate curriculum focused on learning, confidence, and school read
4408	Marietta Campus ( East )	location_special_programs	
4409	Roswell Campus	_chroma_license_number	
4409	Roswell Campus	location_ages_served	6w-12y
4409	Roswell Campus	location_description	Discover exceptional childcare at Chroma Early Learning Academy in Roswell, GA — trusted by families searching for high-quality daycare in Roswell and nurturing early education programs. Our STEAM-based curriculum, caring educators, and family-centered environment empower children to learn, grow, and thrive.
4409	Roswell Campus	location_hero_review_text	We’ve had a great experience with my son’s daycare. Alicia, the director, is always organized, professional, and on top of everything, she truly keeps the place running smoothly. Another staff member who has been amazing is Evie; she’s been there since my son started and has always been so helpful and caring. All of the teachers are also wonderful, kind, patient, and really great with the kids. I’m very happy with the care and attention my son receives here.
4409	Roswell Campus	location_quality_rated	1
4409	Roswell Campus	location_school_pickups	Mountain Park Elementary School — 1985 Old Alpharetta Road, Roswell, GA 30076
\nHembree Springs Elementary School — 5595 Spring Lake Drive, Roswell, GA 30022
\nHaynes Bridge Elementary School — 2180 Haynes Bridge Road, Alpharetta/near Roswell, GA 30022
\nMimosa Elementary School — 2470 W. Jones Bridge Road, Alpharetta, GA 30022
\nRoswell North Elementary School — 10240 Woodlawn Drive, Roswell, GA 30075
4409	Roswell Campus	location_seo_content_text	📍 Neighborhoods, Areas Served & Nearby Schools – Roswell Campus, GA
\n
\nChroma Early Learning Academy – Roswell Campus proudly provides trusted daycare, childcare, and preschool programs in Roswell, GA, serving families across North Fulton in a safe, nurturing, and learning-focused environment. Our Roswell daycare and early learning center supports children from infancy through school age with age-appropriate curriculum designed to build strong academic and social foundations.
\n
\nWe serve familie
4409	Roswell Campus	location_special_programs	
4410	Ellenwood Campus	_chroma_license_number	
4410	Ellenwood Campus	location_ages_served	6w-12y
4410	Ellenwood Campus	location_description	Discover high-quality childcare at Chroma Early Learning Academy – Ellenwood, where safety, structure, and nurturing learning come together.
\nOur caring teachers, secure camera-equipped classrooms, and STEAM-based curriculum help children gain confidence, curiosity, and school-ready skills.
\n
\nConveniently located near Panola Road and Fairview Road, we proudly serve families across DeKalb, Clayton, and Henry counties with school pickup from top local elementary schools.
4410	Ellenwood Campus	location_hero_review_text	I am so appreciative of the staff at this location. Ms. Nikki has been loads of help and all of the teachers my child has come in contact with recently have been amazing. My favorite part is the daily pictures I get of my baby. I absolutely love the updates and am so thankful for the ladies here ❤️
4410	Ellenwood Campus	location_quality_rated	1
4410	Ellenwood Campus	location_school_pickups	Cedar Grove Elementary School – 2330 River Road, Ellenwood, GA 30294
\nFairview Elementary School – 458 Fairview Road, Stockbridge, GA 30281
\nAustin Road Elementary School – 50 Austin Road, Stockbridge, GA 30281
\nBrowns Mill Elementary School – 4863 Browns Mill Road, Lithonia, GA 30038
\nEast Clayton Elementary School – 1008 McDonough Lake Road, Jonesboro, GA 30236
\nMount Zion Elementary School – 2939 Mount Zion Road, Jonesboro, GA 30236
4410	Ellenwood Campus	location_seo_content_text	📍 Neighborhoods & Areas Served – Ellenwood, GA
\n
\nChroma Early Learning Academy of Ellenwood offers trusted childcare, preschool, and GA Pre-K programs in a safe, nurturing environment for families throughout Ellenwood, GA and the surrounding communities. Our Ellenwood campus serves children from infants through school-age, with secure, camera-equipped classrooms and engaging early learning activities designed to support growth and development. We proudly serve neighborhoods across Ellenwood and
4410	Ellenwood Campus	location_special_programs	
4411	West Cobb Campus, Marietta	_chroma_caps_accepted	
4411	West Cobb Campus, Marietta	_chroma_ga_pre_k_accepted	
4411	West Cobb Campus, Marietta	_chroma_license_number	
4411	West Cobb Campus, Marietta	location_ages_served	6w-12y
4411	West Cobb Campus, Marietta	location_description	Providing nurturing and creative environments for your child's growth, Chroma Early Learning Academy offers a child care solution tailored to meet the dynamic needs of families in Cobb, GA. Experience a safe, engaging, and educational setting where your little ones are encouraged to explore, learn, and thrive.
4411	West Cobb Campus, Marietta	location_hero_review_text	Amazing staff and very clean facility! Older children are in a different building than the babies. All female staff. Onsite cook with healthy fresh homestyle meals for the children. Ms. Sonya the director is very communicative, attentive, and understanding. My baby is only 1.5 and can't fully talk yet but the app is nice to communicate with teachers throughout the day and see pics of your baby. Communication is key! Best childcare in the area for the rate! Just moved from Jersey in Feb. and new 
4411	West Cobb Campus, Marietta	location_quality_rated	
4411	West Cobb Campus, Marietta	location_school_pickups	Hickory Hills Elementary School – 500 Redwood Dr SW, Marietta, GA 30064
\nA.L. Burruss Elementary School – 325 Manning Rd SW, Marietta, GA 30064
\nCheatham Hill Elementary School – 1350 John Ward Rd SW, Marietta, GA 30064
\nDunleith Elementary School – 120 Saine Dr SW, Marietta, GA 30008
\nPark Street Elementary School – 105 Park St SE, Marietta, GA 30060
4411	West Cobb Campus, Marietta	location_seo_content_text	📍 Neighborhoods, Areas Served & Nearby Schools – West Cobb Campus, Marietta, GA
\n
\nChroma Early Learning Academy – West Cobb Campus proudly serves families throughout Marietta, GA, providing trusted childcare, preschool, and school-age programs in a safe and nurturing learning environment. Our center is conveniently located for families across West Cobb, including nearby communities such as Powder Springs, Smyrna, and Kennesaw, making quality early education easily accessible throughout Cobb Cou
4411	West Cobb Campus, Marietta	location_special_programs	
4413	Satellite Blvd Campus, Duluth, GA	_chroma_caps_accepted	
4413	Satellite Blvd Campus, Duluth, GA	_chroma_ga_pre_k_accepted	
4413	Satellite Blvd Campus, Duluth, GA	_chroma_license_number	
4413	Satellite Blvd Campus, Duluth, GA	location_ages_served	6w-12y
4413	Satellite Blvd Campus, Duluth, GA	location_description	Welcome to Chroma Early Learning Academy, where the foundation of lifetime learning begins. Our approach combines nurturing care with engaging, structured activities tailored for your children's development. Serving families in Croma Satellite, GA, we ensure a safe, enriching environment tailored to boost your child's creativity and love for learning.If you are searching for “child care centers near me”, Chroma Satellite GA offers a safe and supportive childcare environment.
4413	Satellite Blvd Campus, Duluth, GA	location_hero_review_text	My daughter has been going here since before the ownership change (before Discovery Point), & ever since the transition my baby girl has had tons more fun & activity to do. The updates throughout the day is definitely something new & improved & I love to see what she’s up to, seeing what’s she eating etc.
\nThe staff is extremely great with my baby, & friendly to each & every parent that steps foot into the facility. Very glad this transition happens & I look forward to continue working with Chro
4413	Satellite Blvd Campus, Duluth, GA	location_quality_rated	1
4413	Satellite Blvd Campus, Duluth, GA	location_school_pickups	B. B. Harris Elementary School – 3550 Investors Way, Duluth GA 30096
\nBeaver Ridge Elementary School – 1978 Beaver Ruin Rd, Norcross GA 30071
\nCharles Brant Chesney Elementary School – 3878 Old Norcross Rd, Duluth GA 30096
\nBerkeley Lake Elementary School – 4300 S. Berkeley Lake Rd, Berkeley Lake GA 30096
\nSusan Orr Elementary School – 1500 McDaniel Rd, Duluth GA 30096
4413	Satellite Blvd Campus, Duluth, GA	location_seo_content_text	📍 Neighborhoods, Areas Served & Nearby Schools – Satellite Blvd Campus, Duluth, GA
\n
\nChroma Early Learning Academy – Satellite Blvd Campus proudly serves families throughout Duluth, GA, offering trusted childcare, preschool, and school-age programs in a safe and nurturing learning environment. Our center is conveniently located for families across nearby communities including Norcross, Berkeley Lake, Johns Creek, and Peachtree Corners, making quality early education easily accessible for parent
4413	Satellite Blvd Campus, Duluth, GA	location_special_programs	
4414	Jonesboro Campus	_chroma_caps_accepted	
4414	Jonesboro Campus	_chroma_ga_pre_k_accepted	
4414	Jonesboro Campus	_chroma_license_number	
4414	Jonesboro Campus	location_ages_served	6w-12y
4414	Jonesboro Campus	location_description	Experience trusted childcare at Chroma Early Learning Academy in Jonesboro, GA. Our STEAM-based curriculum, nurturing teachers, and family-focused programs help children grow with confidence. Conveniently located on Noahs Ark Road with school pickup from top Jonesboro elementary schools.
4414	Jonesboro Campus	location_hero_review_text	My daughter has been enrolled at Chroma for approximately 18 months, and we have been thoroughly impressed. She began attending around 15 months and has demonstrated remarkable progress, including excellent communication skills, successful potty training, and a strong foundation in numeracy and literacy. I am particularly impressed with the staff's exceptional interaction with the children.
\n
\nI would like to extend my gratitude to Director Wise, Ms. Tish, Ms. Austin, and Ms. Carter for their de
4414	Jonesboro Campus	location_quality_rated	1
4414	Jonesboro Campus	location_school_pickups	Arnold Elementary School – 216 Stockbridge Road, Jonesboro, GA 30236
\nHawthorne Elementary School – 1000 Old Rex Morrow Road, Jonesboro, GA 30238
\nMount Zion Elementary School – 2930 Mount Zion Road, Jonesboro, GA 30236
\nTara Elementary School – 937 Mount Zion Road, Jonesboro, GA 30236
\nBrown Elementary School – 1530 Mount Zion Road, Morrow, GA 30260
4414	Jonesboro Campus	location_seo_content_text	📍 Neighborhoods, Areas Served & Nearby Schools – Jonesboro Campus, GA
\n
\nOur school is more than a daycare. Through purposeful play and nurturing guidance, we help lay the foundation for a lifelong love of learning. Chroma Early Learning Academy – Jonesboro Campus proudly serves families throughout Jonesboro, GA, offering trusted childcare, preschool, and school-age programs in a safe and nurturing learning environment. Our center is conveniently accessible to families from nearby communities in
4414	Jonesboro Campus	location_special_programs	
4415	Rivergreen Campus, Canton GA	_chroma_caps_accepted	
4415	Rivergreen Campus, Canton GA	_chroma_ga_pre_k_accepted	
4415	Rivergreen Campus, Canton GA	_chroma_license_number	
4415	Rivergreen Campus, Canton GA	location_ages_served	6w-12y
4415	Rivergreen Campus, Canton GA	location_description	Discover a nurturing early-learning environment at our River Green campus in Canton, GA. Convenient location, family-focused curriculum, and school pickup service for local elementary schools.
4415	Rivergreen Campus, Canton GA	location_hero_review_text	My first great grandchild attends school here. She loves the school. This is a beautiful center. The teachers and management do a great job. They love their jobs and it shows. They take pride in providing top notch childcare. I would recommend this center for all of my grandchildren and my great grandchildren. Especially for all the new mommy's and daddy's looking for a quality school. They are the best!
4415	Rivergreen Campus, Canton GA	location_quality_rated	1
4415	Rivergreen Campus, Canton GA	location_school_pickups	Hickory Flat Elementary School — 2755 East Cherokee Drive, Canton, GA 30115
\nSixes Elementary School — 20 Ridge Road, Canton, GA 30114
\nAvery Elementary School — 6391 East Cherokee Drive, Canton, GA 30115
\nLiberty Elementary School — 10500 Bells Ferry Road, Canton, GA 30114
\nJ. Knox Elementary School — 151 River Bend Way, Canton, GA 30114
4415	Rivergreen Campus, Canton GA	location_seo_content_text	📍 Neighborhoods, Areas Served & Nearby Schools – Rivergreen Campus, Canton, GA
\n
\nOur school is more than a daycare. Through purposeful play and nurturing guidance, we help lay the foundation for a lifelong love of learning. Chroma Early Learning Academy – Rivergreen Campus proudly serves families throughout Canton, GA, offering high-quality childcare, preschool, and school-age programs in a safe, nurturing environment. Our center is conveniently located for families from nearby neighborhoods in
4415	Rivergreen Campus, Canton GA	location_special_programs	
4416	South Cobb Campus, Austell	_chroma_caps_accepted	
4416	South Cobb Campus, Austell	_chroma_ga_pre_k_accepted	
4416	South Cobb Campus, Austell	_chroma_license_number	
4416	South Cobb Campus, Austell	location_ages_served	6w-12y
4416	South Cobb Campus, Austell	location_description	At Chroma Early Learning Academy, we provide a nurturing environment where your child's growth and development take center stage. Situated in the vibrant community of Austell, GA, we offer innovative and personalized learning experiences designed to foster creativity and independence. Discover a place where education meets care.
4416	South Cobb Campus, Austell	location_hero_review_text	Excellent customer service provided. Staff is very professional and friendly and the children seem very happy and well mannered. Also ots very nice and clean. I love the atmosphere for my gbabies who love to get out of the car and enjoy there day at Premier.
4416	South Cobb Campus, Austell	location_quality_rated	1
4416	South Cobb Campus, Austell	location_school_pickups	City View Elementary School (Cobb County, GA) - 285 South Gordon Rd SW, Mableton, GA 30126
\nBryant Elementary School (Cobb County, GA) — 6800 Factory Shoals Rd, Mableton, GA 30126
\nSouthcobb Elementary
\nRiverside Elementary
4416	South Cobb Campus, Austell	location_seo_content_text	📍 Neighborhoods & Areas Served – South Cobb Campus, Austell, GA
\n
\nOur school is more than a daycare. Through purposeful play and nurturing guidance, we help lay the foundation for a lifelong love of learning.. Chroma Early Learning Academy – South Cobb Campus provides trusted daycare, preschool, GA Pre-K, and school-age child care for families in Austell, GA, and surrounding South Cobb communities. Our secure, nurturing environment supports early learning and development for children from infan
4416	South Cobb Campus, Austell	location_special_programs	
4417	Midway Campus, Alpharetta GA	_chroma_caps_accepted	
4417	Midway Campus, Alpharetta GA	_chroma_ga_pre_k_accepted	
4417	Midway Campus, Alpharetta GA	_chroma_license_number	
4417	Midway Campus, Alpharetta GA	location_ages_served	6w-12y
4417	Midway Campus, Alpharetta GA	location_description	At Chroma Early Learning Academy, we provide a nurturing environment where your child's growth and development take center stage. Situated in the vibrant community of Alpharetta, Milton and Cumming, GA, we offer innovative and personalized learning experiences designed to foster creativity and independence. Discover a place where education meets care.
4417	Midway Campus, Alpharetta GA	location_hero_review_text	Chroma Early Learning Academy has been a wonderful place for our child. The teachers are caring, professional, and truly invested in each child’s development. The curriculum is well-balanced, with a good mix of learning and play that keeps kids engaged and happy.
\n
\nThe facility is clean, organized, and feels very safe. We also appreciate the regular updates and open communication from the staff.
4417	Midway Campus, Alpharetta GA	location_quality_rated	1
4417	Midway Campus, Alpharetta GA	location_school_pickups	Midway Elementary School – 405 Mullinax Rd, Alpharetta, GA 30004
\nBrandywine Elementary School – 175 Martin Dr, Alpharetta, GA 30004
\nVickery Creek Elementary School – 6280 Post Road, Cumming, GA 30040
\nSawnee Elementary School – 1616 Canton Highway (GA-20 W), Cumming, GA 30040
\nPoole’s Mill Elementary School – 7110 Heardsville Road, Cumming, GA 30028
4417	Midway Campus, Alpharetta GA	location_seo_content_text	📍 Neighborhoods & Areas Served – Midway Campus, Alpharetta, GA
\n
\nOur school is more than a daycare. Through purposeful play and nurturing guidance, we help lay the foundation for a lifelong love of learning., located at 4015 Discovery Drive in Alpharetta, GA, provides trusted childcare, preschool, GA Pre-K, and school-age programs in a secure, nurturing environment for families across Alpharetta, Milton, and Cumming, GA. Our Midway location supports early learning and development for children f
4417	Midway Campus, Alpharetta GA	location_special_programs	
4419	North Hall Campus, Murrayville	_chroma_caps_accepted	1
4419	North Hall Campus, Murrayville	_chroma_ga_pre_k_accepted	1
4419	North Hall Campus, Murrayville	_chroma_license_number	
4419	North Hall Campus, Murrayville	location_ages_served	6w-12y
4419	North Hall Campus, Murrayville	location_description	Experience exceptional childcare at Chroma Early Learning Academy in Murraysville, GA. Our STEAM-based curriculum, nurturing educators, and safe, family-focused environment help children grow with confidence.
4419	North Hall Campus, Murrayville	location_hero_review_text	I have 2 children that go here. One is 4 and now in the pre k program and the other is 8 months. Both of them love all the teachers. My 4 year old gives them all hugs everyday when he leaves. My 8 month olds development has exceeded my expectations and he absolutely LOVES Ms. Williams! Before using this facility, I always used in-home daycares. In my experience, going here has helped my children prepare for when they will attend elementary school. My 4 year old has been attending for about a yea
4419	North Hall Campus, Murrayville	location_quality_rated	1
4419	North Hall Campus, Murrayville	location_school_pickups	
4419	North Hall Campus, Murrayville	location_seo_content_text	📍 Neighborhoods & Schools Served – North Hall Campus
\n
\nChroma Early Learning Academy’s North Hall Campus in Murraysville, GA proudly serves families across North Hall County and surrounding communities. Conveniently located for daily drop-off and pickup, our campus welcomes children from Murraysville, Mount Vernon, Clermont, Lula, Oakwood, and North Gainesville. We are a trusted childcare and preschool option for families connected to nearby schools such as Mount Vernon Elementary School, Lanie
4419	North Hall Campus, Murrayville	location_special_programs	
4420	Shenandoah Campus, Newnan GA	_chroma_caps_accepted	
4420	Shenandoah Campus, Newnan GA	_chroma_ga_pre_k_accepted	
4420	Shenandoah Campus, Newnan GA	_chroma_license_number	
4420	Shenandoah Campus, Newnan GA	location_ages_served	6w-12y
4420	Shenandoah Campus, Newnan GA	location_description	
4420	Shenandoah Campus, Newnan GA	location_hero_review_text	I love it. The new director is amazing. And my son enjoyed it there I appreciated for the love and care while my son attended school
4420	Shenandoah Campus, Newnan GA	location_quality_rated	
4420	Shenandoah Campus, Newnan GA	location_school_pickups	
4420	Shenandoah Campus, Newnan GA	location_seo_content_text	📍 Neighborhoods & Areas Served – Shenandoah Campus, Newnan, GA
\n
\nChroma Early Learning Academy – Shenandoah Campus provides trusted daycare, childcare, preschool, and school-age programs for families throughout Newnan, GA, and surrounding areas of Coweta County. Our safe, nurturing learning environment supports children from infancy through school age, helping them develop strong academic, social, and emotional foundations.
\n
\nWe proudly serve families from nearby neighborhoods and communities 
4420	Shenandoah Campus, Newnan GA	location_special_programs	
6779	Chadwick Campus	_chroma_caps_accepted	
6779	Chadwick Campus	_chroma_ga_pre_k_accepted	
6779	Chadwick Campus	_chroma_license_number	
6779	Chadwick Campus	location_ages_served	6 weeks - 12 years
6779	Chadwick Campus	location_description	Experience exceptional childcare at Chroma Early Learning Academy Chadwick Campus in Lawrenceville, GA. Our STEAM-based curriculum, nurturing educators, and safe, family-focused environment help children grow with confidence. Conveniently located on Purcell Road near the intersection of Duluth Highway, with school pickup for Lawrenceville’s top elementary schools. We proudly serve families from nearby areas including River Colony, Chandler Woods Estates, Purcell Valley, Sioux Acres, Chandler Par
6779	Chadwick Campus	location_hero_review_text	
6779	Chadwick Campus	location_quality_rated	1
6779	Chadwick Campus	location_school_pickups	
6779	Chadwick Campus	location_seo_content_text	📍 Neighborhoods, Areas Served &amp; Nearby Schools – Chadwick Campus, Lawrenceville, GA
\n
\nChroma Early Learning Academy – Chadwick Campus provides high-quality daycare, childcare, preschool, and school-age programs for families throughout Lawrenceville, GA, and surrounding communities. Our center offers a safe, nurturing, and engaging early learning environment that supports children’s academic, social, and emotional development from infancy through school age.
\n
\nWe proudly serve families from
6779	Chadwick Campus	location_special_programs	
6780	Sugarloaf Pkwy Campus	_chroma_caps_accepted	
6780	Sugarloaf Pkwy Campus	_chroma_ga_pre_k_accepted	
6780	Sugarloaf Pkwy Campus	_chroma_license_number	
6780	Sugarloaf Pkwy Campus	location_ages_served	6w-12y
6780	Sugarloaf Pkwy Campus	location_description	Conveniently located at 3155 Sugarloaf Pkwy in Lawrenceville, GA, Chroma Early Learning Academy's Sugarloaf Campus provides premier childcare, preschool, and after-school programs for families in the heart of Gwinnett County. Our modern facility offers a safe, nurturing environment where children from 6 weeks to 12 years old thrive through play-based learning, STEM activities, and creative expression. With easy access from Sugarloaf Parkway and surrounding neighborhoods, we're the trusted choice
6780	Sugarloaf Pkwy Campus	location_hero_review_text	
6780	Sugarloaf Pkwy Campus	location_quality_rated	
6780	Sugarloaf Pkwy Campus	location_school_pickups	
6780	Sugarloaf Pkwy Campus	location_seo_content_text	Looking for trusted childcare in Lawrenceville, GA? Chroma Early Learning Academy's Sugarloaf Pkwy Campus serves families throughout Gwinnett County with exceptional early childhood education programs. Located at 3155 Sugarloaf Pkwy, our campus is easily accessible from nearby neighborhoods including River Mill, Hamilton Mill, Dacula, and the Pleasant Hill Road corridor. We serve families zoned for Sugarloaf Elementary, Freeman's Mill Elementary, and Creekland Middle School. Our comprehensive pr
6780	Sugarloaf Pkwy Campus	location_special_programs	Georgia Pre-K Program Summer Camp Program Before &amp; After School Care STEM Enrichment Art &amp; Music Programs
6781	Grayson Campus	_chroma_caps_accepted	
6781	Grayson Campus	_chroma_ga_pre_k_accepted	
6781	Grayson Campus	_chroma_license_number	
6781	Grayson Campus	location_ages_served	6w-12y
6781	Grayson Campus	location_description	Located at 550 Grayson Pkwy in the charming community of Grayson, GA, Chroma Early Learning Academy's Grayson Campus delivers high-quality childcare and early education for families in eastern Gwinnett County. Our welcoming campus features spacious classrooms, engaging outdoor play areas, and a curriculum designed to spark curiosity and growth in every child from infancy through age twelve. Serving the growing Grayson community and nearby areas, we provide a foundation for lifelong learning in a
6781	Grayson Campus	location_hero_review_text	
6781	Grayson Campus	location_quality_rated	
6781	Grayson Campus	location_school_pickups	
6781	Grayson Campus	location_seo_content_text	Searching for quality childcare in Grayson, GA? Chroma Early Learning Academy's Grayson Campus, located at 550 Grayson Pkwy, is the premier choice for early childhood education in eastern Gwinnett County. We proudly serve families in Grayson, Loganville, Snellville, and Lawrenceville with programs for infants, toddlers, preschoolers, and school-age children. Our campus is conveniently located near Grayson Elementary, Starling Elementary, and Grayson High School. Families throughout the Grayson c
6781	Grayson Campus	location_special_programs	Georgia Pre-K Program Summer Camp Program Before &amp; After School Care STEM Enrichment Art &amp; Music Programs
6782	Stockbridge Campus	_chroma_caps_accepted	
6782	Stockbridge Campus	_chroma_ga_pre_k_accepted	
6782	Stockbridge Campus	_chroma_license_number	
6782	Stockbridge Campus	location_ages_served	6w-12y
6782	Stockbridge Campus	location_description	Situated at 300 Inverness Ave in Stockbridge, GA, Chroma Early Learning Academy's Stockbridge Campus provides exceptional childcare and early learning programs for families in Henry County. Our contemporary facility features bright, inviting classrooms and experienced educators dedicated to helping each child reach their full potential. From infant care to before and after school programs, we offer a comprehensive approach to early education that combines academic readiness with social-emotional
6782	Stockbridge Campus	location_hero_review_text	
6782	Stockbridge Campus	location_quality_rated	
6782	Stockbridge Campus	location_school_pickups	
6782	Stockbridge Campus	location_seo_content_text	Looking for dependable childcare in Stockbridge, GA? Chroma Early Learning Academy's Stockbridge Campus, located at 300 Inverness Ave, is Henry County's trusted destination for quality early childhood education. We serve families throughout Stockbridge, McDonough, Ellenwood, and the surrounding Henry County area with comprehensive programs for children from 6 weeks to 12 years old. Our campus is conveniently accessible from I-75 and Eagles Landing Parkway, making drop-off and pickup easy for com
6782	Stockbridge Campus	location_special_programs	Georgia Pre-K Program Summer Camp Program Before &amp; After School Care STEM Enrichment Art &amp; Music Programs
8641	Parklake Campus, Atlanta GA	location_ages_served	6w-12y
8641	Parklake Campus, Atlanta GA	location_description	Formerly Parklake Academy, Chroma Early Learning Academy at Parklake offers a nurturing, STEM-enriched environment for infants through school-age children in Atlanta's Northlake area. Purposeful play curriculum, GA Lottery Pre-K, and 4.8-star rated care — now backed by the Chroma family of 23+ campuses across Metro Atlanta.
8641	Parklake Campus, Atlanta GA	location_hero_review_text	5 stars. Their academic curriculum has been great for our three year-old, he has learned so much.
8641	Parklake Campus, Atlanta GA	location_quality_rated	1
8641	Parklake Campus, Atlanta GA	location_school_pickups	
8641	Parklake Campus, Atlanta GA	location_seo_content_text	📍 Neighborhoods &amp; Areas Served – Parklake Campus, Atlanta GA 30345\n\nChroma Early Learning Academy at Parklake (formerly Parklake Academy) is a trusted childcare and preschool center located at 2309 Parklake Drive NE, Suite 250 in Atlanta, GA 30345. Serving families across the Northlake, Tucker, Embry Hills, and Henderson Mill neighborhoods, our campus provides a warm, play-based learning environment for children ages 6 weeks through 12 years.\n\nOur Prismpath™ curriculum blends structured lear
4219	Infant Care	program_faq_items	
4219	Infant Care	program_features	Individualized Schedule
\nLow Teacher Student Ratio
\nCuddle Zone
4219	Infant Care	program_locations	a:19:{i:0;i:4406;i:1;i:4289;i:2;i:4410;i:3;i:4237;i:4;i:4414;i:5;i:4288;i:6;i:4407;i:7;i:4408;i:8;i:4336;i:9;i:4417;i:10;i:4419;i:11;i:4415;i:12;i:4409;i:13;i:4413;i:14;i:4420;i:15;i:4416;i:16;i:4290;i:17;i:4287;i:18;i:4411;}
4219	Infant Care	program_locations_served	a:19:{i:0;i:4406;i:1;i:4289;i:2;i:4410;i:3;i:4237;i:4;i:4414;i:5;i:4288;i:6;i:4407;i:7;i:4408;i:8;i:4336;i:9;i:4417;i:10;i:4419;i:11;i:4415;i:12;i:4409;i:13;i:4413;i:14;i:4420;i:15;i:4416;i:16;i:4290;i:17;i:4287;i:18;i:4411;}
4219	Infant Care	program_prism_focus_items	High Physical: Tummy time, rolling, reaching.
\nHigh Emotional: Responsive feeding, cuddling.
\nEmerging Social: Face recognition, babbling.
4219	Infant Care	program_schedule_items	6:00am | Morning Welcome | Gentle arrivals with cozy, child-led play
\n7:30am | Care & Freshen Up | Loving diapering and happy handwashing
\n8:00am | Breakfast & Personal Care | Warm breakfast with attentive, nurturing care
\n8:30am | Play & Tummy Time | Sweet floor play, tummy time, and soft exploration
\n9:00am | Outdoor Adventures | Fresh air, movement, and early motor fun
\n9:30am | Care & Music | Diapering with joyful songs and sing-along moments
\n9:45am | Circle & Story | Snuggly stories, early
4293	Toddlers	program_faq_items	
4293	Toddlers	program_features	Sign and Speak
\nMessy Art
\nDeveloping Autonomy
4293	Toddlers	program_locations	a:19:{i:0;i:4406;i:1;i:4289;i:2;i:4410;i:3;i:4237;i:4;i:4414;i:5;i:4288;i:6;i:4407;i:7;i:4408;i:8;i:4336;i:9;i:4417;i:10;i:4419;i:11;i:4415;i:12;i:4409;i:13;i:4413;i:14;i:4420;i:15;i:4416;i:16;i:4290;i:17;i:4287;i:18;i:4411;}
4293	Toddlers	program_locations_served	a:19:{i:0;i:4406;i:1;i:4289;i:2;i:4410;i:3;i:4237;i:4;i:4414;i:5;i:4288;i:6;i:4407;i:7;i:4408;i:8;i:4336;i:9;i:4417;i:10;i:4419;i:11;i:4415;i:12;i:4409;i:13;i:4413;i:14;i:4420;i:15;i:4416;i:16;i:4290;i:17;i:4287;i:18;i:4411;}
4293	Toddlers	program_prism_focus_items	High Physical: Walking, climbing, carrying objects.
\nLanguage Burst: Vocabulary expansion & signing.
\nSocial Awareness: Parallel play and empathy building.
4293	Toddlers	program_schedule_items	6:30am | Morning Welcome | Sweet arrivals with cozy child-led play and gentle settling in
\n7:30am | Care & Clean Hands | Caring diapering and fresh handwashing to start the day
\n8:00am | Breakfast & Care | Happy breakfast time with personal care as needed
\n8:30am | Circle & Music | Hello friends—circle time, language fun, then wiggles and dances
\n9:00am | Outdoor Play | Fresh-air adventures and big toddler smiles
\n9:30am | Learning Centers | Free-choice centers for exploring, building, and prete
4322	Preschool	program_faq_items	
4322	Preschool	program_features	Language Explosion
\nSocial Navigation
\nCognitive Sparks
4322	Preschool	program_locations	a:19:{i:0;i:4406;i:1;i:4289;i:2;i:4410;i:3;i:4237;i:4;i:4414;i:5;i:4288;i:6;i:4407;i:7;i:4408;i:8;i:4336;i:9;i:4417;i:10;i:4419;i:11;i:4415;i:12;i:4409;i:13;i:4413;i:14;i:4420;i:15;i:4416;i:16;i:4290;i:17;i:4287;i:18;i:4411;}
4322	Preschool	program_locations_served	a:19:{i:0;i:4406;i:1;i:4289;i:2;i:4410;i:3;i:4237;i:4;i:4414;i:5;i:4288;i:6;i:4407;i:7;i:4408;i:8;i:4336;i:9;i:4417;i:10;i:4419;i:11;i:4415;i:12;i:4409;i:13;i:4413;i:14;i:4420;i:15;i:4416;i:16;i:4290;i:17;i:4287;i:18;i:4411;}
4322	Preschool	program_prism_focus_items	Cooperative Play: Taking turns and sharing.
\nCreative Expression: Storytelling and role-play.
\nEarly Concepts: Colors, shapes, and counting.
4322	Preschool	program_schedule_items	6:30am | Morning Welcome | Sweet arrivals with cozy, child-led play
\n7:30am | Care & Clean Hands | Loving diapering and fresh handwashing
\n8:00am | Breakfast & Care | Yum time + gentle personal care as needed
\n8:30am | Circle Time | Hello friends—songs, smiles, and little learning moments
\n8:45am | Learning Centers | Free-choice centers for curious exploring and play
\n9:45am | Outdoor Play | Fresh air adventures and happy movement
\n10:15am | Fine Motor & Art | Little hands at work, art and fine-
4323	Pre-K Prep	program_faq_items	
4323	Pre-K Prep	program_features	Fine Motor Mastery
\nIndependence
\nEarly Logic
4323	Pre-K Prep	program_locations	a:19:{i:0;i:4406;i:1;i:4289;i:2;i:4410;i:3;i:4237;i:4;i:4414;i:5;i:4288;i:6;i:4407;i:7;i:4408;i:8;i:4336;i:9;i:4417;i:10;i:4419;i:11;i:4415;i:12;i:4409;i:13;i:4413;i:14;i:4420;i:15;i:4416;i:16;i:4290;i:17;i:4287;i:18;i:4411;}
4323	Pre-K Prep	program_locations_served	a:19:{i:0;i:4406;i:1;i:4289;i:2;i:4410;i:3;i:4237;i:4;i:4414;i:5;i:4288;i:6;i:4407;i:7;i:4408;i:8;i:4336;i:9;i:4417;i:10;i:4419;i:11;i:4415;i:12;i:4409;i:13;i:4413;i:14;i:4420;i:15;i:4416;i:16;i:4290;i:17;i:4287;i:18;i:4411;}
4323	Pre-K Prep	program_prism_focus_items	Logic & Order: Sequencing, sorting, and patterns.
\nPre-Writing: Pincer grip mastery and tracing.
\nSelf-Regulation: Managing transitions and impulses.
4323	Pre-K Prep	program_schedule_items	6:30am | Early Arrival | A gentle, happy start with cozy play, handwashing & restroom care
\n7:30am | Breakfast | Clean hands and a cheerful breakfast together
\n8:30am | Clean Up & Restroom | Helpful tidying + caring restroom/diapering and fresh hands
\n9:00am | Circle Time & Story | Joyful songs, weather fun, colors, letters & a sweet story
\n9:15am | Literacy | Encouraging early reading & writing adventures
\n9:35am | Center Time | Playful exploring in favorite learning centers
\n10:35am | Clean Up
4324	Pre-K / GA Pre-K	program_faq_items	
4324	Pre-K / GA Pre-K	program_features	Tuition Free
\nProven Curriculum
\nCredentialed Teachers
4324	Pre-K / GA Pre-K	program_locations	a:19:{i:0;i:4406;i:1;i:4289;i:2;i:4410;i:3;i:4237;i:4;i:4414;i:5;i:4288;i:6;i:4407;i:7;i:4408;i:8;i:4336;i:9;i:4417;i:10;i:4419;i:11;i:4415;i:12;i:4409;i:13;i:4413;i:14;i:4420;i:15;i:4416;i:16;i:4290;i:17;i:4287;i:18;i:4411;}
4324	Pre-K / GA Pre-K	program_locations_served	a:19:{i:0;i:4406;i:1;i:4289;i:2;i:4410;i:3;i:4237;i:4;i:4414;i:5;i:4288;i:6;i:4407;i:7;i:4408;i:8;i:4336;i:9;i:4417;i:10;i:4419;i:11;i:4415;i:12;i:4409;i:13;i:4413;i:14;i:4420;i:15;i:4416;i:16;i:4290;i:17;i:4287;i:18;i:4411;}
4324	Pre-K / GA Pre-K	program_prism_focus_items	GELDS Standards: Rigorous alignment with state goals.
\nCollaboration: Team projects and conflict resolution.
\nWriting Mastery: Writing names and simple words.
4324	Pre-K / GA Pre-K	program_schedule_items	6:30am | Early Arrival | A sweet start with handwashing, restroom break, and cozy free play
\n7:30am | Breakfast | Clean hands and breakfast with friends
\n9:00am | Clean Up & Freshen Up | Tidy up, restroom break, and handwashing
\n9:30am | Circle + Music | Warm welcome, songs, weather talk, and fun learning (colors, shapes, numbers, phonics)
\n9:50am | Small Group & Story | Small group learning, story time, and playful free time
\n10:30am | Recess | Outdoor/indoor recess for big play and big smiles
4325	Schoolagers	program_faq_items	
4325	Schoolagers	program_features	Safe Transportation
\nHomework Done
\nUnplugged Play
4325	Schoolagers	program_locations	a:19:{i:0;i:4406;i:1;i:4410;i:2;i:4237;i:3;i:4414;i:4;i:4288;i:5;i:4407;i:6;i:4408;i:7;i:4336;i:8;i:4417;i:9;i:4420;i:10;i:4419;i:11;i:4289;i:12;i:4415;i:13;i:4409;i:14;i:4413;i:15;i:4416;i:16;i:4290;i:17;i:4287;i:18;i:4411;}
4325	Schoolagers	program_locations_served	a:19:{i:0;i:4406;i:1;i:4410;i:2;i:4237;i:3;i:4414;i:4;i:4288;i:5;i:4407;i:6;i:4408;i:7;i:4336;i:8;i:4417;i:9;i:4420;i:10;i:4419;i:11;i:4289;i:12;i:4415;i:13;i:4409;i:14;i:4413;i:15;i:4416;i:16;i:4290;i:17;i:4287;i:18;i:4411;}
4325	Schoolagers	program_prism_focus_items	Social Connection: Unstructured play with peers.
\nCreative Clubs: Interest-based activities (Robotics, Art).
\nAcademic Support: Homework completion assistance.
4325	Schoolagers	program_schedule_items	3:00pm | Snack | A yummy snack to refuel and settle in
\n3:15pm | Homework & Calm Time | Homework help, journaling, and quiet relaxing activities
\n3:45pm | Outdoor Play | Fresh air fun and big-moves gross motor play
\n4:15pm | Free Choice Centers | Child-led centers and choice time with friends
\n5:00pm | Puzzles & Transition | Puzzles and a smooth, cozy wrap-up for pickup
\n5:30pm | Dismissal | Calm afternoon transition and happy goodbyes
4326	Camp ( Summer, Winter, Fall)	program_faq_items	
4326	Camp ( Summer, Winter, Fall)	program_features	Weekly Field Trips
\nSTEM Discovery
\nActive Adventure
4326	Camp ( Summer, Winter, Fall)	program_locations	a:19:{i:0;i:4406;i:1;i:4289;i:2;i:4410;i:3;i:4237;i:4;i:4414;i:5;i:4288;i:6;i:4407;i:7;i:4408;i:8;i:4336;i:9;i:4417;i:10;i:4419;i:11;i:4415;i:12;i:4409;i:13;i:4413;i:14;i:4420;i:15;i:4416;i:16;i:4290;i:17;i:4287;i:18;i:4411;}
4326	Camp ( Summer, Winter, Fall)	program_locations_served	a:23:{i:0;i:4406;i:1;i:4289;i:2;i:6779;i:3;i:4410;i:4;i:6781;i:5;i:4237;i:6;i:4414;i:7;i:4288;i:8;i:4407;i:9;i:4408;i:10;i:4336;i:11;i:4417;i:12;i:4419;i:13;i:4415;i:14;i:4409;i:15;i:4413;i:16;i:4420;i:17;i:4416;i:18;i:6782;i:19;i:6780;i:20;i:4290;i:21;i:4287;i:22;i:4411;}
4326	Camp ( Summer, Winter, Fall)	program_prism_focus_items	Field Trips: Real-world discovery.
\nSTEM Labs: Hands-on science experiments.
\nPhysical Activity: Splash days and sports.
4326	Camp ( Summer, Winter, Fall)	program_schedule_items	Summer Camp | 10 weeks of unique themes like "Cosmic Voyagers," "Deep Sea Divers," and "Junior Chefs." Includes weekly water play. | MAY-JULY
\nFall Break | A week of autumn-inspired discovery, leaf chromatography, pumpkin engineering, and cozy storytelling.| SEPTEMBER/OCTOBER
\nWinter Break | Holiday-themed robotics, ice excavation experiments, and global cultural celebrations. | DECEMBER
4327	Parent's Day Out	program_faq_items	
4327	Parent's Day Out	program_features	Flexible Scheduling
\nSocial Confidence
\nSchool Readiness
4327	Parent's Day Out	program_locations	a:19:{i:0;i:4406;i:1;i:4289;i:2;i:4410;i:3;i:4237;i:4;i:4414;i:5;i:4288;i:6;i:4407;i:7;i:4408;i:8;i:4336;i:9;i:4417;i:10;i:4420;i:11;i:4419;i:12;i:4415;i:13;i:4409;i:14;i:4413;i:15;i:4416;i:16;i:4290;i:17;i:4287;i:18;i:4411;}
4327	Parent's Day Out	program_locations_served	a:19:{i:0;i:4406;i:1;i:4289;i:2;i:4410;i:3;i:4237;i:4;i:4414;i:5;i:4288;i:6;i:4407;i:7;i:4408;i:8;i:4336;i:9;i:4417;i:10;i:4420;i:11;i:4419;i:12;i:4415;i:13;i:4409;i:14;i:4413;i:15;i:4416;i:16;i:4290;i:17;i:4287;i:18;i:4411;}
4327	Parent's Day Out	program_prism_focus_items	Independence: Gentle separation practice.
\nGroup Dynamics: Circle time and sharing.
\nCreative Play: Art and sensory stations.
4327	Parent's Day Out	program_schedule_items	8:00am | Warm Welcome & Free Play | Hello hugs, easy drop-off, and calm exploring with friends
\n8:15am | Circle Time | Songs, names, feelings, and a cheerful plan for our morning
\n8:30am | Learning Centers | Child-choice play: blocks, dramatic play, toys, puzzles, and tables
\n9:00am | Snack | Tasty snack and sweet social time (plus clean hands!)
\n9:20am | Story & Language Fun | Cozy storytime with rhymes, puppets, and big imagination
\n9:40am | Art & Sensory | Little hands create—paint, glue, pla
6785	Kindergarten	program_faq_items	
6785	Kindergarten	program_features	Advanced Literacy: Phonics, decoding, and reading fluency.
\nConceptual Math Mastery: Moving beyond rote memorization.
\nExecutive Function: Building focus, self-regulation, and collaborative problem-solving.
6785	Kindergarten	program_locations	a:1:{i:0;i:4411;}
6785	Kindergarten	program_locations_served	a:1:{i:0;i:4411;}
6785	Kindergarten	program_prism_focus_items	Advanced Literacy: Phonics, decoding, and reading fluency.
\nConceptual Math Mastery: Moving beyond rote memorization.
\nExecutive Function: Building focus, self-regulation, and collaborative problem-solving.
6785	Kindergarten	program_schedule_items	
7708	Rising Pre-K	program_faq_items	
7708	Rising Pre-K	program_features	Social: Taking turns, sharing, and group dynamics.
\nEmotional: Safe separation and expressing feelings.
\nAcademic: Foundational alphabet and number exposure.
7708	Rising Pre-K	program_locations	a:0:{}
7708	Rising Pre-K	program_prism_focus_items	
7708	Rising Pre-K	program_schedule_items	
7709	Rising Kindergarten	program_faq_items	
7709	Rising Kindergarten	program_features	Academic: Phonics, blending, and math reasoning.
\nSocial: Collaborative learning and peer conflict resolution.
\nEmotional: Executive function, focus, and multi-step directions.
7709	Rising Kindergarten	program_locations	a:0:{}
7709	Rising Kindergarten	program_prism_focus_items	
7709	Rising Kindergarten	program_schedule_items	
