ID	post_title	post_name	age_range	hero_description	hero_image	locations_served	cta_link	prism_description	schedule_items	meta_title	meta_description
4219	Infant Care	infant-care	6 Weeks - 15 Months (Non-Walkers)	A peaceful, "shoeless" environment where emotional security and sensory discovery lay the groundwork for all future learning.		a:19:{i:0;i:4406;i:1;i:4289;i:2;i:4410;i:3;i:4237;i:4;i:4414;i:5;i:4288;i:6;i:4407;i:7;i:4408;i:8;i:4336;i:9;i:4417;i:10;i:4419;i:11;i:4415;i:12;i:4409;i:13;i:4413;i:14;i:4420;i:15;i:4416;i:16;i:4290;i:17;i:4287;i:18;i:4411;}	/infant-care/	In the first year, the brain grows faster than at any other time. Our infant curriculum is heavily weighted towards Physical development (motor skills, sensory processing) and Emotional security (attachment, regulation).	6:00am | Morning Welcome | Gentle arrivals with cozy, child-led play
\n7:30am | Care & Freshen Up | Loving diapering and happy handwashing
\n8:00am | Breakfast & Personal Care | Warm breakfast with attentive, nurturing care
\n8:30am | Play & Tummy Time | Sweet floor play, tummy time, and soft exploration
\n9:00am | Outdoor Adventures | Fresh air, movement, and early motor fun
\n9:30am | Care & Music | Diapering with joyful songs and sing-along moments
\n9:45am | Circle & Story | Snuggly stories, early language play, and warm literacy time
\n10:00am | Individual Play | Gentle floor play, one-on-one nurturing, and tummy time
\n10:30am | Lunch & Rest Prep | Lunch with care, diapering, and peaceful winding down
\n11:00am | Rest Time | Cozy naps, soft cuddles, and calm individualized play as babies wake
\n2:00pm | Snack & Music | Tasty snack with cheerful songs and sweet together time
\n2:15pm | Art & Sensory | Simple art moments and sensory discovery
\n2:30pm | Outdoor/Sensory Time | Fresh air or sensory exploring tailored to each little one
\n3:00pm | Afternoon Play | Floor time, tummy time, and playful gentle exploration
\n4:00pm | Care & Music | Caring diaper changes with soft music and happy singing
\n4:15pm | Story & Play | Cuddly stories and developmentally sweet games
\n4:30pm | Free Play | Calm exploring, warm interactions & cozy play
\n5:15pm | Care & Transition | Diapering and gentle preparation for going home
\n5:30pm | Music & Dismissal | Soft music, warm cuddles, and loving goodbyes
\nNotes | Flexible Care | This schedule adjusts lovingly to meet each baby’s unique needs throughout the day
\nNotes | Diaper Checks | Diapers are checked at least every 2 hours and always changed as needed
\nNotes | Handwashing | Handwashing happens gently and frequently during transitions and after diapering
\nNotes | Art Schedule | Art is offered 3x weekly for ages 12–23 months and daily for children 24 months+
\nNotes | Free Play | Free play is always available when babies are not eating, diapering, or sleeping		
4293	Toddlers	toddler-care	12 - 24 Months (Walkers)	Curated environments for new walkers and talkers. We turn "no" into "let's explore" with safe boundaries and endless curiosity.		a:19:{i:0;i:4406;i:1;i:4289;i:2;i:4410;i:3;i:4237;i:4;i:4414;i:5;i:4288;i:6;i:4407;i:7;i:4408;i:8;i:4336;i:9;i:4417;i:10;i:4419;i:11;i:4415;i:12;i:4409;i:13;i:4413;i:14;i:4420;i:15;i:4416;i:16;i:4290;i:17;i:4287;i:18;i:4411;}	/toddler-care/	As mobility increases, Physical focus shifts to gross motor skills. Social and Creative pillars grow as parallel play begins and language explodes.	6:30am | Morning Welcome | Sweet arrivals with cozy child-led play and gentle settling in
\n7:30am | Care & Clean Hands | Caring diapering and fresh handwashing to start the day
\n8:00am | Breakfast & Care | Happy breakfast time with personal care as needed
\n8:30am | Circle & Music | Hello friends—circle time, language fun, then wiggles and dances
\n9:00am | Outdoor Play | Fresh-air adventures and big toddler smiles
\n9:30am | Learning Centers | Free-choice centers for exploring, building, and pretend play
\n10:15am | Story & Lunch Prep | Snuggly storytime and getting ready for lunch
\n10:30am | Lunch & Care | Lunch time with warm support and gentle care
\n11:00am | Freshen Up | Diapering plus handwashing before settling down
\n11:30am | Rest Time | Cozy rest to recharge little bodies
\n1:30pm | Wake & Snack Prep | Diapering, handwashing, and a calm reset before snack
\n2:00pm | Snack | Tasty afternoon snack and happy refuel time
\n2:15pm | Outdoor Motor Play | Big-body movement, outdoor fun, and growing-strong play
\n3:00pm | Water + Art/Fine Motor | Water break plus little hands art and fine-motor fun
\n3:30pm | Sensory Time | Squishy, splashy, touch-and-try sensory exploration
\n3:45pm | Free Play & Centers | Child-led play and favorite centers to end the day
\n4:45pm | Care & Table Toys | Diapering, table toys, and gentle transition time
\n5:15pm | Dismissal | Calm wind-down, free play, and sweet goodbyes
\nNotes | Free Play | Play happens throughout the day whenever children aren’t eating, sleeping, or in care routines
\nNotes | Flexible Schedule | The day flexes lovingly to meet each toddler’s needs
\nNotes | Diaper Checks | Diaper checks happen at least every 2 hours (or anytime needed)
\nNotes | Handwashing | Handwashing happens all day—especially during transitions and after diapering
\nNotes | Art Offering | Art is offered during child-led play: 3x/week (12–23 months) and daily (24m+)		
4322	Preschool	preschool	24 - 36 Months	Introduction to structured learning centers and collaborative play. We channel their boundless energy into creative expression and early concepts.		a:19:{i:0;i:4406;i:1;i:4289;i:2;i:4410;i:3;i:4237;i:4;i:4414;i:5;i:4288;i:6;i:4407;i:7;i:4408;i:8;i:4336;i:9;i:4417;i:10;i:4419;i:11;i:4415;i:12;i:4409;i:13;i:4413;i:14;i:4420;i:15;i:4416;i:16;i:4290;i:17;i:4287;i:18;i:4411;}	/preschool/	The "me" stage turns into the "we" stage. Social skills skyrocket as cooperative play begins. Creative expression is central to learning abstract concepts.	6:30am | Morning Welcome | Sweet arrivals with cozy, child-led play
\n7:30am | Care & Clean Hands | Loving diapering and fresh handwashing
\n8:00am | Breakfast & Care | Yum time + gentle personal care as needed
\n8:30am | Circle Time | Hello friends—songs, smiles, and little learning moments
\n8:45am | Learning Centers | Free-choice centers for curious exploring and play
\n9:45am | Outdoor Play | Fresh air adventures and happy movement
\n10:15am | Fine Motor & Art | Little hands at work, art and fine-motor fun
\n10:45am | Lunch & Care | Lunch time with support and kindness
\n11:15am | Potty/Diapering | Quick restroom/diaper check with caring help
\n11:30am | Story Time | Snuggly storytime and calm listening
\n11:45am | Rest Time | Cozy rest to recharge
\n1:45pm | Potty/Diapering Reset | Freshen up + handwashing
\n2:00pm | Snack | A tasty afternoon pick-me-up
\n2:15pm | Music & Movement | Wiggles, giggles, and dancing feet
\n2:30pm | Story & Large Group | Storytime + fun group activity together
\n3:00pm | Outdoor/Gross Motor | Big-body play and movement adventures
\n3:45pm | Water & Centers | Water break + relaxed free-choice centers
\n4:30pm | Table Toys & Transition | Puzzles, table play, and a gentle wind-down
\n5:30pm | Dismissal | Calm transitions and happy goodbyes
\nNotes | Flexible Schedule | This schedule lovingly flexes to meet each child’s needs
\nNote | Diaper Checks | Checked at least every 2 hours (and anytime needed)
\nNotes | Handwashing | Happens throughout the day, especially during transitions and after diapering
\nNotes | Art Offering | Art happens during child-led play: 3x/week (12–23 months) and daily (24m+)
\nNotes | Free Play | Free play happens whenever children aren’t eating, sleeping, or in care routines		
4323	Pre-K Prep	pre-k-prep	3 - 4 Years	Building the stamina and independence needed for "big school". Structured centers focusing on writing grip, logic, and multi-step projects.		a:19:{i:0;i:4406;i:1;i:4289;i:2;i:4410;i:3;i:4237;i:4;i:4414;i:5;i:4288;i:6;i:4407;i:7;i:4408;i:8;i:4336;i:9;i:4417;i:10;i:4419;i:11;i:4415;i:12;i:4409;i:13;i:4413;i:14;i:4420;i:15;i:4416;i:16;i:4290;i:17;i:4287;i:18;i:4411;}	/pre-k-prep/	The chart shifts towards Academic preparation. We focus on self-regulation (Emotional/Social) and the physical stamina needed for writing (Fine Motor).	6:30am | Early Arrival | A gentle, happy start with cozy play, handwashing & restroom care
\n7:30am | Breakfast | Clean hands and a cheerful breakfast together
\n8:30am | Clean Up & Restroom | Helpful tidying + caring restroom/diapering and fresh hands
\n9:00am | Circle Time & Story | Joyful songs, weather fun, colors, letters & a sweet story
\n9:15am | Literacy | Encouraging early reading & writing adventures
\n9:35am | Center Time | Playful exploring in favorite learning centers
\n10:35am | Clean Up & Restroom | Quick tidy time + freshen up
\n10:45am | Music & Movement | Wiggly, giggly dancing and movement fun
\n11:00am | Play Time | Outdoor adventures or cozy indoor play
\n11:50am | Lunch Time | Wash up, share lunch, practice kindness & table manners
\n12:30pm | Nap Time | Gentle winding down, comfy snuggles & peaceful rest
\n2:30pm | Refresh Time | Soft wake-up, clean-up, restroom care & a happy little snack
\n3:10pm | Story & Sounds | Another sweet story + playful sound games
\n3:40pm | Restroom Break | Caring restroom/diapering & fresh hands
\n3:50pm | Outside Time | Afternoon sunshine & playful outdoor fun
\n4:50pm | Small Group | Warm, focused activities with friends
\n5:20pm | Dismissal | Calm, happy center play while waiting for loved ones		
4324	Pre-K / GA Pre-K	ga-pre-k	4 - 5 Years	State-funded ( Where Available) and Private education preparing children for Kindergarten. We align with GELDS standards to provide a rigorous, joyful, and literacy-rich environment. Georgia Pre-K follows Creative Curriculum		a:19:{i:0;i:4406;i:1;i:4289;i:2;i:4410;i:3;i:4237;i:4;i:4414;i:5;i:4288;i:6;i:4407;i:7;i:4408;i:8;i:4336;i:9;i:4417;i:10;i:4419;i:11;i:4415;i:12;i:4409;i:13;i:4413;i:14;i:4420;i:15;i:4416;i:16;i:4290;i:17;i:4287;i:18;i:4411;}	/ga-pre-k/	The chart peaks at Academic and Social readiness. Children learn to navigate complex social dynamics while mastering phonics, numbers, and inquiry-based science.	6:30am | Early Arrival | A sweet start with handwashing, restroom break, and cozy free play
\n7:30am | Breakfast | Clean hands and breakfast with friends
\n9:00am | Clean Up & Freshen Up | Tidy up, restroom break, and handwashing
\n9:30am | Circle + Music | Warm welcome, songs, weather talk, and fun learning (colors, shapes, numbers, phonics)
\n9:50am | Small Group & Story | Small group learning, story time, and playful free time
\n10:30am | Recess | Outdoor/indoor recess for big play and big smiles
\n11:20am | Wash Up Break | Restroom break and handwashing
\n11:30am | Lunch | Lunch time with kind manners and friendly chats
\n12:00pm | Nap Prep | Wash hands, wipe tables, and gather cozy nap supplies
\n12:30pm | Nap/Rest | Peaceful rest time to recharge
\n2:30pm | Rise & Shine | Gentle wake-up and tidy-up (cots, sheets, blankets away)
\n2:40pm | Freshen Up | Restroom break and handwashing
\n3:00pm | Snack | A yummy afternoon snack to refuel
\n3:30pm | Day Review Circle | Share what we learned today with fun questions and conversation
\n3:50pm | Music & Free Play | Move, dance, and enjoy free play
\n4:30pm | Recess | More outdoor/indoor playtime fun
\n5:15pm | Wash Up Break | Restroom break and handwashing
\n5:30pm | Free Play | Child-led play and a calm wind-down until pickup
\nNotes | Wrap Care | Schedule includes wrap-around care to support families during extended hours
\nNotes | Handwashing | Handwashing happens throughout the day, especially during transitions and after restroom breaks
\nNotes | Restroom Breaks | Restroom breaks are built into the day and supported with gentle reminders and help as needed
\nNotes | Flexible Flow | Times are a guide—activities may flex to meet children’s needs and classroom rhythm		
4325	Schoolagers	after-school	5 - 12 Years	Transportation from local elementary schools, homework assistance, and club-style activities. A safe place to unwind, connect, and create.		a:19:{i:0;i:4406;i:1;i:4410;i:2;i:4237;i:3;i:4414;i:4;i:4288;i:5;i:4407;i:6;i:4408;i:7;i:4336;i:8;i:4417;i:9;i:4420;i:10;i:4419;i:11;i:4289;i:12;i:4415;i:13;i:4409;i:14;i:4413;i:15;i:4416;i:16;i:4290;i:17;i:4287;i:18;i:4411;}	/after-school/	After a structured school day, we prioritize Social connection and Creative freedom. We support academics through homework help, but the focus is on holistic enrichment.	3:00pm | Snack | A yummy snack to refuel and settle in
\n3:15pm | Homework & Calm Time | Homework help, journaling, and quiet relaxing activities
\n3:45pm | Outdoor Play | Fresh air fun and big-moves gross motor play
\n4:15pm | Free Choice Centers | Child-led centers and choice time with friends
\n5:00pm | Puzzles & Transition | Puzzles and a smooth, cozy wrap-up for pickup
\n5:30pm | Dismissal | Calm afternoon transition and happy goodbyes		
4326	Camp ( Summer, Winter, Fall)	camp-summer-winter-fall	Ages 5 - 12 (Seasonal)	When school is out, Chroma is in. Our seasonal camps offer weekly themes, field trips, and hands-on STEM projects that keep minds engaged and bodies moving.		a:23:{i:0;i:4406;i:1;i:4289;i:2;i:6779;i:3;i:4410;i:4;i:6781;i:5;i:4237;i:6;i:4414;i:7;i:4288;i:8;i:4407;i:9;i:4408;i:10;i:4336;i:11;i:4417;i:12;i:4419;i:13;i:4415;i:14;i:4409;i:15;i:4413;i:16;i:4420;i:17;i:4416;i:18;i:6782;i:19;i:6780;i:20;i:4290;i:21;i:4287;i:22;i:4411;}	/camp-summer-winter-fall/	Camp shifts the focus away from academic drills toward Social collaboration and Creative problem solving. We use "stealth learning" to keep academic skills sharp through fun challenges.	Summer Camp | 10 weeks of unique themes like "Cosmic Voyagers," "Deep Sea Divers," and "Junior Chefs." Includes weekly water play. | MAY-JULY
\nFall Break | A week of autumn-inspired discovery, leaf chromatography, pumpkin engineering, and cozy storytelling.| SEPTEMBER/OCTOBER
\nWinter Break | Holiday-themed robotics, ice excavation experiments, and global cultural celebrations. | DECEMBER		
6785	Kindergarten	kindergarten-1	5 - 6 Years	Our Private Kindergarten program blends the research-backed power of The Creative Curriculum® with targeted, mastery-based instruction in reading and math. We don't just prepare students for 1st grade—we equip them with the critical thinking, independence, and unshakeable confidence to lead.		a:1:{i:0;i:4411;}	https://chromaela.com/programs/kindergarten/	We believe that academic rigor and whole-child development are not mutually exclusive. By seamlessly integrating purposeful play with explicit, teacher-directed instruction, we cultivate a deep, enduring love of learning alongside tangible academic mastery.			
7708	Rising Pre-K	rising-pre-k	Pre-K Eligible				https://chromaela.com/programs/rising-pre-k/				
7709	Rising Kindergarten	rising-kindergarten	Pre-K Graduates				https://chromaela.com/programs/rising-kindergarten/				
4327	Parent's Day Out	parents-day-out	3 - 5 Years	A flexible, part-time program designed to introduce children to a classroom setting while giving parents a well-deserved break. The perfect stepping stone to full-time school.		a:19:{i:0;i:4406;i:1;i:4289;i:2;i:4410;i:3;i:4237;i:4;i:4414;i:5;i:4288;i:6;i:4407;i:7;i:4408;i:8;i:4336;i:9;i:4417;i:10;i:4420;i:11;i:4419;i:12;i:4415;i:13;i:4409;i:14;i:4413;i:15;i:4416;i:16;i:4290;i:17;i:4287;i:18;i:4411;}	/parents-day-out/	In a condensed timeframe, we maximize Social interaction and Emotional separation practice. It's about learning to be a friend, following a routine, and transitioning confidently away from caregivers.	8:00am | Warm Welcome & Free Play | Hello hugs, easy drop-off, and calm exploring with friends
\n8:15am | Circle Time | Songs, names, feelings, and a cheerful plan for our morning
\n8:30am | Learning Centers | Child-choice play: blocks, dramatic play, toys, puzzles, and tables
\n9:00am | Snack | Tasty snack and sweet social time (plus clean hands!)
\n9:20am | Story & Language Fun | Cozy storytime with rhymes, puppets, and big imagination
\n9:40am | Art & Sensory | Little hands create—paint, glue, playdough, or sensory bins
\n10:10am | Gross Motor Play | Wiggles and giggles—music & movement or playground time
\n10:40am | STEM/Discovery | Simple science, sorting, building, and “wow!” discovery activities
\n11:00am | Outdoor/Indoor Play | Fresh air fun or indoor big-body play (weather-friendly)
\n11:30am | Calm Down & Pick-Up Prep | Books, quiet toys, and getting ready to go home
\n11:50am | Goodbye Circle | High-fives, quick recap, and happy reunions
\nNotes | Flexible Flow | Times are a guide—activities flex to meet children’s needs and keep the morning joyful
\nNotes | Handwashing | Handwashing happens before/after snack and anytime we transition
\nNotes | Safety & Comfort | We keep drop-off gentle and comforting, and we’ll contact families if a child needs extra support		
__LOCATIONS__
__LOCATIONS__
ID	post_title	post_name	address	city	state	zip	phone	email	hours	latitude	longitude	director_name	quality_rated	special_programs	tour_link	google_rating	hero_gallery	faq_items
6779	Chadwick Campus	chroma-early-learning-academy-chadwick	1479 Purcell Rd, Lawrenceville, GA 30043	Lawrenceville	GA	30043	+14706134403	info@chromaela.com	6:30am - 6:30pm	34.0036	-84.0095		1					What programs are available at Chroma Chadwick?|Daycare, preschool, Pre-K, and school-age programs are available for children 6 weeks to 12 years.
\nDoes the Chadwick campus provide before and after school care?|Yes, we offer before and after school care with school pickup services for nearby Lawrenceville elementary schools.
\nWhat are the hours at the Chadwick campus?|We are open Monday through Friday, 6:30am to 6:30pm.
4406	Cherokee Academy by Chroma, Canton GA	cherokee-campus	1205 Upper Burris Road	Canton	GA	30114	470-470-6589	canton@chromaela.com	6:30am-6:00pm	34.3468408	-84.4919414	Nadine Wainehouse	1		https://api.leadconnectorhq.com/widget/booking/zECE5s1LMyXEhyBX9f38	4.8	https://chromaela.com/wp-content/uploads/2025/11/DJI_0230.webp
\nhttps://chromaela.com/wp-content/uploads/2025/11/DJI_0257.webp
\nhttps://chromaela.com/wp-content/uploads/2025/11/DJI_0245.webp
\nhttps://chromaela.com/wp-content/uploads/2025/11/DSC00026.webp
\nhttps://chromaela.com/wp-content/uploads/2025/11/DSC00032.webp
\nhttps://chromaela.com/wp-content/uploads/2025/11/DSC00047.webp	
4289	Downtown Duluth	pleasanthill-campus-duluth	3152 Creek Dr NW, Duluth, GA 30096, United States	Duluth		30096	470-470-3436	pleasanthill@chromaela.com	6:30am-6:30pm	33.9849116	-84.1527615	Ranae Johnson	1		https://api.leadconnectorhq.com/widget/booking/qqekul20rH0iU9Yrhfp2	4.6	https://chromaela.com/wp-content/uploads/2025/11/DSC00732.webp 
\nhttps://chromaela.com/wp-content/uploads/2025/11/DJI_0067.webp 
\nhttps://chromaela.com/wp-content/uploads/2025/11/DJI_0070.webp 
\nhttps://chromaela.com/wp-content/uploads/2025/11/DSC00665.webp 
\nhttps://chromaela.com/wp-content/uploads/2025/11/DSC00683.webp 
\nhttps://chromaela.com/wp-content/uploads/2025/11/DSC00701.webp	
4410	Ellenwood Campus	ellenwood-campus	2765 E Atlanta Rd	Ellenwood	GA	30294	678-580-6526	ellenwood@chromaela.com	6:30am-6:30pm	33.6152419	-84.2444789	Lanitra Smith	1		https://api.leadconnectorhq.com/widget/booking/tIPQTdmWIh0f5bix6BYI	5	https://chromaela.com/wp-content/uploads/2025/11/DJI_0356.webp 
\nhttps://chromaela.com/wp-content/uploads/2025/11/DJI_0320.webp 
\nhttps://chromaela.com/wp-content/uploads/2025/11/DJI_0323.webp 
\nhttps://chromaela.com/wp-content/uploads/2025/11/DSC00617.webp 
\nhttps://chromaela.com/wp-content/uploads/2025/11/DSC00632.webp 
\nhttps://chromaela.com/wp-content/uploads/2025/11/DSC00773.webp	Q1. What ages does Chroma Early Learning Academy serve in Ellenwood?|We offer care for infants through preschool and school-age children.
\nQ2. Do you offer GA Pre-K in Ellenwood, GA?|Yes, we provide a GA Pre-K program focused on kindergarten readiness.
\nQ3. Is your daycare safe and secure?|Yes, our classrooms are camera-secured with trained staff and controlled access.
6781	Grayson Campus	chroma-early-learning-academy-grayson	550 Grayson Pkwy	Grayson	GA	30017	678-694-1679	grayson@chromaela.com	6:30am-6:30pm	33.8916793	-83.9608666			Georgia Pre-K Program Summer Camp Program Before &amp; After School Care STEM Enrichment Art &amp; Music Programs	https://api.leadconnectorhq.com/widget/booking/DLsmw93ZEEpM0kZigr7s			What ages does Chroma Grayson serve?|We welcome children from 6 weeks to 12 years old, with dedicated programs for infants, toddlers, preschoolers, and school-age students.
\nWhat are your operating hours?|Our Grayson campus operates Monday through Friday, 6:30am to 6:30pm, offering flexible care options for busy families.
\nWhat programs are offered at the Grayson campus?|We provide infant care, toddler programs, preschool, Georgia Pre-K, before and after school care, and an engaging summer camp experience.
4237	Johns Creek Campus	johns-creek	3580 Old Alabama Rd	Johns Creek	GA	30022	470-719-1154	johnscreek@chromaela.com	6:30am-6:30pm	34.0246511	-84.2575523	Deka Janifer	1		https://api.leadconnectorhq.com/widget/booking/bvRtKWyDdeT04M7xqMFp	4.6	https://chromaela.com/wp-content/uploads/2025/11/DJI_0550.webp 
\nhttps://chromaela.com/wp-content/uploads/2025/11/DJI_0538.webp 
\nhttps://chromaela.com/wp-content/uploads/2025/11/DJI_0547.webp 
\nhttps://chromaela.com/wp-content/uploads/2025/11/DSC00632.webp 
\nhttps://chromaela.com/wp-content/uploads/2025/11/DSC00596.webp 
\nhttps://chromaela.com/wp-content/uploads/2025/11/DSC00617.webp	Which neighborhoods does Chroma Johns Creek serve?|We serve families throughout Johns Creek, Medlock Bridge, Ocee, and surrounding North Fulton areas.
\nAre there nearby elementary schools?|Yes, we’re close to Barnwell, Medlock Bridge, Ocee, and Abbotts Hill Elementary Schools.
4414	Jonesboro Campus	jonesboro-campus	1832 Noahs Ark Road	Jonesboro	GA	30236	470 516 4747	jonesboro@chromaela.com	6:30am-6:30pm	33.4938883	-84.3298115	Deborah Wise	1		https://api.leadconnectorhq.com/widget/booking/xWGlsOdqIKse4lsMLc7l	4.9	https://assets.cdn.filesafe.space/euN4JvLvKNYTYh4Xyh3p/media/68f9a92ca2cacb1f1bd2f987.jpeg	
4288	Lawrenceville Campus	lawrenceville-campus	3650 Club Drive	Lawrenceville		30044	470-570-1633	lawrenceville@chromaela.com	6:30am-6:30pm	33.9410279	-84.1247219	Tiffany Coble	1		https://api.leadconnectorhq.com/widget/booking/67769JnL2EBl6QgdmKQE	4.4	https://chromaela.com/wp-content/uploads/2025/11/DJI_0415.webp\nhttps://chromaela.com/wp-content/uploads/2025/11/DSC00449.webp\nhttps://chromaela.com/wp-content/uploads/2025/11/DSC00359.webp\nhttps://chromaela.com/wp-content/uploads/2025/11/DSC00440.webp\nhttps://chromaela.com/wp-content/uploads/2026/06/file_36-6e4b1cd8-88c0-4b6e-a8fb-abc9083f6d8f.jpg\nhttps://chromaela.com/wp-content/uploads/2026/06/file_37-3059b080-6caf-4829-b0fb-c6ebb6159896.jpg\nhttps://chromaela.com/wp-content/uploads/2026/06/file_38-509ded38-fb63-49f8-ba4c-584dc28008b5.jpg\nhttps://chromaela.com/wp-content/uploads/2026/06/file_39-78f70948-41ac-486e-933d-a9e3afabd8f2.jpg\nhttps://chromaela.com/wp-content/uploads/2026/06/file_40-9e767e18-5f2d-43f0-b8f0-b1eb3e69de4a.jpg	What ages does Chroma Lawrenceville serve?|We serve children from 6 weeks through 12 years old, with programs for infants, toddlers, preschoolers, Pre-K students, and school-age children.
\nDoes Chroma Lawrenceville offer GA Pre-K?|Yes — we are a Georgia Lottery Pre-K partner offering tuition-free Pre-K for eligible 4-year-olds. Contact us to check availability.
\nWhat are the hours at Chroma Lawrenceville?|We are open Monday through Friday, 6:30 AM to 6:30 PM.
\nWhere is Chroma Lawrenceville located?|3650 Club Drive, Lawrenceville, GA 30044 — near Five Forks Trickum Road and Sugarloaf Parkway, close to Shorty Howell Park.
\nDo you offer after-school pickup?|Yes — we provide after-school pickup from nearby Gwinnett County elementary schools including Corley Elementary and Kanoheda Elementary, plus homework time and seasonal camps.
\nHow do I schedule a tour?|Call us at 470-570-1633 or book a tour through our website.
4407	Lilburn Campus	lilburn-campus	917 Killian Hill Road Southwest	Lilburn	GA	30047	470-410-6370	lilburn@chromaela.com	6:30am-6:30pm	33.8686888	-84.0968565		1		https://api.leadconnectorhq.com/widget/booking/JeuEbfbkP6QQmVWzsWtC	4.5	https://chromaela.com/wp-content/uploads/2026/06/file_41-55d75599-ead5-4de1-9b42-c9c764742b06.jpg\nhttps://chromaela.com/wp-content/uploads/2026/06/file_42-48e351ec-e80c-4669-ad4b-23d7301e3132.jpg\nhttps://chromaela.com/wp-content/uploads/2026/06/file_43-d5d6617d-9a46-4c6b-a10f-31d887b6f78c.jpg\nhttps://chromaela.com/wp-content/uploads/2026/06/file_44-44b9dc5a-4b99-46d2-82f8-2e66aa1c6252.jpg\nhttps://chromaela.com/wp-content/uploads/2026/06/file_45-75334ef2-1573-4fd2-843e-f73ba419a3e6.jpg	What programs are available at Chroma Lilburn?|Daycare, preschool, and early learning programs are available.
\nDoes the Lilburn campus serve school-age children?|Yes, we provide before and after school care.
4408	Marietta Campus ( East )	east-cobb-campus	2499 Shallowford Road NE	Marietta	GA	30066	470-649-1836	marietta@chromaela.com	6:30am-6:30pm	34.0419908	-84.4790683	Michelle Steppling	1		https://api.leadconnectorhq.com/widget/booking/SKL3QivWiTnZZpXCsWKm	4.8	https://chromaela.com/wp-content/uploads/2025/11/DJI_0177.webp 
\nhttps://chromaela.com/wp-content/uploads/2025/11/DJI_0189.webp 
\nhttps://chromaela.com/wp-content/uploads/2025/11/DJI_0191.webp 
\nhttps://chromaela.com/wp-content/uploads/2025/11/DSC09890.webp 
\nhttps://chromaela.com/wp-content/uploads/2025/11/DSC09914.webp 
\nhttps://chromaela.com/wp-content/uploads/2025/11/DSC09920.webp	What childcare services are offered at Chroma Marietta?|We offer daycare, preschool, and school-age care in Marietta, GA
\nWhat ages are accepted at this location?|Infants through school-age children are welcome.
4336	Mcdonough Campus	mcdonough	90 Hunters Chase	Mcdonough	GA	30253	470-594-5605	mcdonough@chromaela.com	6:30am-6:30pm	33.3944376	-84.175741	Tiffany Sicard	1		https://api.leadconnectorhq.com/widget/booking/3thRnaBKafPMVuUkOSdw	4.2	https://chromaela.com/wp-content/uploads/2025/11/DJI_0488.webp	What areas does Chroma McDonough serve?|Our McDonough campus serves families from Eagles Landing, Lake Dow, Ola, Stockbridge, Locust Grove, and Hampton.
\nIs Chroma McDonough close to local schools?|Yes, we are conveniently located near Henry County schools, making drop-off and pick-up easy for parents.
4417	Midway Campus, Alpharetta GA	midway-campus	4015 Discovery Dr	Alpharetta	GA	30004	770-664-1773	midway@chromaela.com	6:30am-6:30pm	34.1556591	-84.2448638	Talaya Hickson	1		https://api.leadconnectorhq.com/widget/booking/eBCQKlKCgf29jlX9k29e	4.8	https://chromaela.com/wp-content/uploads/2026/06/file_49-d8d52f31-4f54-410d-aae7-4bb12e2ab854-1.jpg\nhttps://chromaela.com/wp-content/uploads/2026/06/file_50-1c6e163e-e3a1-43bc-b4f1-4c4165be546a-1.jpg\nhttps://chromaela.com/wp-content/uploads/2026/06/file_51-56d1fe0d-ce59-4144-9bcd-cf9bdc8c70bc-1.jpg\nhttps://chromaela.com/wp-content/uploads/2026/06/file_52-c80a572a-240d-4ab7-aac9-d3f5e98f53fc-1.jpg\nhttps://chromaela.com/wp-content/uploads/2026/06/file_53-3c9a9db0-c723-44da-9446-6d5cb5a829f7-1.jpg\nhttps://chromaela.com/wp-content/uploads/2026/06/file_54-b17aba84-ccfe-49f7-a6b8-9fe0ef5aef8b-1.jpg\nhttps://chromaela.com/wp-content/uploads/2026/06/file_55-99ee686c-eff1-46b5-8839-62362662f495-1.jpg\nhttps://chromaela.com/wp-content/uploads/2026/06/file_56-abf7bf78-0528-499a-b817-926f21a5e502-1.jpg\nhttps://chromaela.com/wp-content/uploads/2026/06/file_57-9398560a-5cf5-4ed0-a001-26d56ee4c5ec-1.jpg	{"@context": "https://schema.org", "@type": "FAQPage", "mainEntity": [{"@type": "Question", "name": "What ages does Chroma Midway Campus serve?", "acceptedAnswer": {"@type": "Answer", "text": "Chroma Midway Campus in Alpharetta serves children from 6 weeks (infants) through 12 years (after-school programs), including toddler care, preschool, Pre-K Prep, GA Pre-K, and school-age programs."}}, {"@type": "Question", "name": "Does Chroma Midway offer GA Pre-K?", "acceptedAnswer": {"@type": "Answer", "text": "Yes! Chroma Midway Campus is a proud partner of the Georgia Lottery Pre-K Program, offering tuition-free Pre-K education for eligible 4-year-olds."}}, {"@type": "Question", "name": "What are the hours at Chroma Midway in Alpharetta?", "acceptedAnswer": {"@type": "Answer", "text": "Chroma Midway Campus is open Monday through Friday, 6:30 AM to 6:30 PM, serving families in Alpharetta, Milton, and Cumming, GA."}}, {"@type": "Question", "name": "Is food included at Chroma Midway?", "acceptedAnswer": {"@type": "Answer", "text": "Yes, Chroma Midway provides nutritious, child-friendly meals and snacks prepared fresh daily at no additional cost."}}, {"@type": "Question", "name": "Does Chroma Midway accept CAPS?", "acceptedAnswer": {"@type": "Answer", "text": "Yes, Chroma Midway Campus accepts CAPS (Childcare and Parent Services) to help eligible families with childcare costs."}}, {"@type": "Question", "name": "What schools does Chroma Midway provide pickup from?", "acceptedAnswer": {"@type": "Answer", "text": "Chroma Midway provides school pickup from Midway Elementary, Brandywine Elementary, Vickery Creek Elementary, Sawnee Elementary, and Poole's Mill Elementary."}}, {"@type": "Question", "name": "How do I schedule a tour of Chroma Midway?", "acceptedAnswer": {"@type": "Answer", "text": "You can schedule a tour by calling 770-664-1773, emailing midway@chromaela.com, or booking online through our website. Tours are available Mondayu2013Friday, 6:30 AMu20136:30 PM."}}, {"@type": "Question", "name": "What safety measures does Chroma Midway have?", "acceptedAnswer": {"@type": "Answer", "text": "Chroma Midway features keypad-controlled access, 24/7 video monitoring, smoke and carbon monoxide detectors, AEDs on-site, and regular emergency drills."}}, {"@type": "Question", "name": "What is the Google rating for Chroma Midway?", "acceptedAnswer": {"@type": "Answer", "text": "Chroma Midway Campus has a 4.8-star Google rating from families in Alpharetta, Milton, and Cumming, GA."}}, {"@type": "Question", "name": "Does Chroma Midway offer summer camp?", "acceptedAnswer": {"@type": "Answer", "text": "Yes! Chroma Midway offers seasonal camps with weekly themes, field trips, and hands-on STEM projects for children ages 5u201312 during summer, winter, and fall breaks."}}, {"@type": "Question", "name": "What neighborhoods does Chroma Midway serve?", "acceptedAnswer": {"@type": "Answer", "text": "Chroma Midway serves families from Wyndham Farms, Bethany Way, Francis Rd, Belle Isle, Oakview, and surrounding neighborhoods in Alpharetta, Milton, and Cumming."}}, {"@type": "Question", "name": "What curriculum does Chroma Midway use?", "acceptedAnswer": {"@type": "Answer", "text": "Chroma Midway uses the Prismpath curriculum u2014 a holistic, developmentally appropriate approach that blends structured learning with purposeful play, STEM exploration, and creative expression."}}, {"@type": "Question", "name": "Does Chroma Midway offer Parents Day Out?", "acceptedAnswer": {"@type": "Answer", "text": "Yes, Chroma Midway offers a flexible Parents Day Out program for children ages 3u20135, providing part-time care in a classroom setting."}}, {"@type": "Question", "name": "How much does daycare cost in Alpharetta?", "acceptedAnswer": {"@type": "Answer", "text": "Daycare costs in Alpharetta vary by age and program. Contact Chroma Midway at 770-664-1773 for current tuition rates and available enrollment specials."}}, {"@type": "Question", "name": "Is Chroma Midway licensed?", "acceptedAnswer": {"@type": "Answer", "text": "Yes, Chroma Midway Campus is GA DECAL Licensed and Quality Rated, meeting all state standards for early childhood education in Georgia."}}, {"@type": "Question", "name": "What is the best daycare near Milton, GA?", "acceptedAnswer": {"@type": "Answer", "text": "Chroma Early Learning Academy's Midway Campus is a top-rated daycare near Milton, GA, with a 4.8-star Google rating, serving infants through school-age children with a nurturing, STEM-enriched curriculum."}}]}
4419	North Hall Campus, Murrayville	north-hall-campus-murraysville	5760 Wade Whelchel Road	Murrayville	GA	30564	470-570-9802	northhall@chromaela.com	6:30am-6:30pm	34.4228388	-83.8835539	Melissa Leonard	1		https://api.leadconnectorhq.com/widget/booking/xKWofoDv0arqql9eWSEb	4.9	https://chromaela.com/wp-content/uploads/2025/11/DSC00596.webp	Which communities does Chroma North Hall serve?We serve families from Murraysville, North Hall, Gainesville, and nearby Hall County areas.
\nIs childcare available near North Hall schools?Yes, our campus is convenient for families near North Hall area schools and neighborhoods.
8641	Parklake Campus, Atlanta GA	parklake-campus	2309 Parklake Dr NE #250	Atlanta	GA	30345	470-672-7703	parklake@chromaela.com	6:45am-6:15pm	33.8491	-84.2710		1		https://api.leadconnectorhq.com/widget/booking/oBWiUT60u40kpCsAM0CE	4.8	https://chromaela.com/wp-content/uploads/2025/12/exterior-view-of-a-childcare-center-showcasing-safe-and-well-maintained-facilities-7b6032cf-b614-473a-a7c8-6aa927d38355.jpg	{"@context": "https://schema.org", "@type": "FAQPage", "mainEntity": [{"@type": "Question", "name": "What ages does Chroma Parklake serve?", "acceptedAnswer": {"@type": "Answer", "text": "Chroma Parklake Campus in Atlanta serves children from 6 weeks (infants) through 12 years (after-school programs), including toddler care, preschool, Pre-K Prep, GA Pre-K, and school-age enrichment."}}, {"@type": "Question", "name": "Does Chroma Parklake offer Georgia Pre-K?", "acceptedAnswer": {"@type": "Answer", "text": "Yes! Chroma Parklake is a proud partner of the Georgia Lottery Pre-K Program, offering tuition-free Pre-K education for eligible 4-year-olds."}}, {"@type": "Question", "name": "What are the hours at Chroma Parklake in Atlanta?", "acceptedAnswer": {"@type": "Answer", "text": "Chroma Parklake Campus is open Monday through Friday, 6:45 AM to 6:15 PM, providing flexible care options for working families in the Northlake and Tucker area."}}, {"@type": "Question", "name": "Is food included at Chroma Parklake?", "acceptedAnswer": {"@type": "Answer", "text": "Yes, Chroma Parklake provides nutritious, child-friendly meals and snacks prepared fresh daily at no additional cost."}}, {"@type": "Question", "name": "Does Chroma Parklake accept CAPS?", "acceptedAnswer": {"@type": "Answer", "text": "Yes, Chroma Parklake Campus accepts CAPS (Childcare and Parent Services) to help eligible families with childcare costs."}}, {"@type": "Question", "name": "Is Chroma Parklake the same as Parklake Academy?", "acceptedAnswer": {"@type": "Answer", "text": "Yes! Parklake Academy is now Chroma Early Learning Academy at Parklake. Same great location at 2309 Parklake Dr NE, same dedicated staff, now with the elevated Chroma curriculum and standards."}}, {"@type": "Question", "name": "How do I schedule a tour of Chroma Parklake?", "acceptedAnswer": {"@type": "Answer", "text": "You can schedule a tour by calling 770-696-5588, emailing parklake@chromaela.com, or booking online through our website. Tours are available Monday through Friday."}}, {"@type": "Question", "name": "What safety measures does Chroma Parklake have?", "acceptedAnswer": {"@type": "Answer", "text": "Chroma Parklake features keypad-controlled access, 24/7 video monitoring, smoke and carbon monoxide detectors, AEDs on-site, and regular emergency drills."}}, {"@type": "Question", "name": "What neighborhoods does Chroma Parklake serve?", "acceptedAnswer": {"@type": "Answer", "text": "Chroma Parklake serves families from Northlake, Tucker, Embry Hills, Henderson Mill, Pleasantdale, Briarcliff, Sagamore Hills, and throughout North Atlanta."}}, {"@type": "Question", "name": "Does Chroma Parklake offer summer camp?", "acceptedAnswer": {"@type": "Answer", "text": "Yes! Chroma Parklake offers seasonal camps with weekly themes, field trips, and hands-on STEM projects for children ages 5-12 during summer, winter, and fall breaks."}}, {"@type": "Question", "name": "Is Chroma Parklake licensed?", "acceptedAnswer": {"@type": "Answer", "text": "Yes, Chroma Parklake Campus is GA DECAL Licensed (CCLC-62442) and Quality Rated, meeting all state standards for early childhood education in Georgia."}}, {"@type": "Question", "name": "What curriculum does Chroma Parklake use?", "acceptedAnswer": {"@type": "Answer", "text": "Chroma Parklake uses the Prismpath curriculum — a holistic approach blending structured learning with purposeful play, STEM exploration, and creative expression."}}, {"@type": "Question", "name": "How much does daycare cost in Northlake, Atlanta?", "acceptedAnswer": {"@type": "Answer", "text": "Daycare costs in the Northlake area vary by age and program. Contact Chroma Parklake at 770-696-5588 for current tuition rates and available enrollment specials."}}]}
4415	Rivergreen Campus, Canton GA	rivergreen-campus	200 River Green Avenue	Canton	GA	30114	470-470-6807	rivergreen@chromaela.com	6:30am-6:30pm	34.2145313	-84.5262186	Meghan Mcneil	1		https://api.leadconnectorhq.com/widget/booking/rXhS111FzGCyP4wL6AxX	4.7	https://assets.cdn.filesafe.space/euN4JvLvKNYTYh4Xyh3p/media/68f1ec37ddbd5e5c7c2fb923.jpeg	{"@context": "https://schema.org", "@type": "FAQPage", "mainEntity": [{"@type": "Question", "name": "What ages does Chroma Rivergreen serve?", "acceptedAnswer": {"@type": "Answer", "text": "Chroma Rivergreen Campus in Canton serves children from 6 weeks (infants) through 12 years (after-school programs), including toddler care, preschool, Pre-K Prep, GA Pre-K, and school-age enrichment."}}, {"@type": "Question", "name": "Does Chroma Rivergreen offer GA Pre-K?", "acceptedAnswer": {"@type": "Answer", "text": "Yes! Chroma Rivergreen is a proud partner of the Georgia Lottery Pre-K Program, offering tuition-free Pre-K education for eligible 4-year-olds."}}, {"@type": "Question", "name": "What are the hours at Chroma Rivergreen in Canton?", "acceptedAnswer": {"@type": "Answer", "text": "Chroma Rivergreen Campus is open Monday through Friday, 6:30 AM to 6:30 PM, serving families in Canton, Woodstock, Holly Springs, and surrounding areas."}}, {"@type": "Question", "name": "Is food included at Chroma Rivergreen?", "acceptedAnswer": {"@type": "Answer", "text": "Yes, Chroma Rivergreen provides nutritious, child-friendly meals and snacks prepared fresh daily at no additional cost."}}, {"@type": "Question", "name": "Does Chroma Rivergreen accept CAPS?", "acceptedAnswer": {"@type": "Answer", "text": "Yes, Chroma Rivergreen Campus accepts CAPS (Childcare and Parent Services) to help eligible families with childcare costs."}}, {"@type": "Question", "name": "What schools does Chroma Rivergreen provide pickup from?", "acceptedAnswer": {"@type": "Answer", "text": "Chroma Rivergreen provides school pickup from Hickory Flat Elementary, Sixes Elementary, Avery Elementary, Liberty Elementary, and J. Knox Elementary."}}, {"@type": "Question", "name": "How do I schedule a tour of Chroma Rivergreen?", "acceptedAnswer": {"@type": "Answer", "text": "You can schedule a tour by calling 470-470-6807, emailing rivergreen@chromaela.com, or booking online through our website. Tours are available Mondayu2013Friday."}}, {"@type": "Question", "name": "What safety measures does Chroma Rivergreen have?", "acceptedAnswer": {"@type": "Answer", "text": "Chroma Rivergreen features keypad-controlled access, 24/7 video monitoring, smoke and carbon monoxide detectors, AEDs on-site, and regular emergency drills."}}, {"@type": "Question", "name": "What neighborhoods does Chroma Rivergreen serve?", "acceptedAnswer": {"@type": "Answer", "text": "Chroma Rivergreen serves families from River Green, Towne Mill, Great Sky, Harmony on the Lakes, Bridgemill, Mountain Brook, Woodstock, and Holly Springs."}}, {"@type": "Question", "name": "Does Chroma Rivergreen offer summer camp?", "acceptedAnswer": {"@type": "Answer", "text": "Yes! Chroma Rivergreen offers seasonal camps with weekly themes, field trips, and hands-on STEM projects for children ages 5u201312 during summer, winter, and fall breaks."}}, {"@type": "Question", "name": "What curriculum does Chroma Rivergreen use?", "acceptedAnswer": {"@type": "Answer", "text": "Chroma Rivergreen uses the Prismpath curriculum u2014 a holistic approach blending structured learning with purposeful play, STEM exploration, and creative expression."}}, {"@type": "Question", "name": "Does Chroma Rivergreen offer Parents Day Out?", "acceptedAnswer": {"@type": "Answer", "text": "Yes, Chroma Rivergreen offers a flexible Parents Day Out program for children ages 3u20135, providing part-time care in a classroom setting."}}, {"@type": "Question", "name": "How much does daycare cost in Canton, GA?", "acceptedAnswer": {"@type": "Answer", "text": "Daycare costs in Canton vary by age and program. Contact Chroma Rivergreen at 470-470-6807 for current tuition rates and available enrollment specials."}}, {"@type": "Question", "name": "Is Chroma Rivergreen licensed?", "acceptedAnswer": {"@type": "Answer", "text": "Yes, Chroma Rivergreen Campus is GA DECAL Licensed and Quality Rated, meeting all state standards for early childhood education in Georgia."}}, {"@type": "Question", "name": "What is the best daycare near Bridgemill or Woodstock?", "acceptedAnswer": {"@type": "Answer", "text": "Chroma Early Learning Academy's Rivergreen Campus is a top-rated daycare near Bridgemill and Woodstock, GA, with a 4.7-star Google rating and a nurturing, STEM-enriched curriculum."}}]}
4409	Roswell Campus	roswell-campus	1255 Upper Hembree Rd	Roswell	GA	30076	470-684-6067	roswell@chromaela.com	6:30am-6:30pm	34.0668783	-84.3226899	Alisia Davis	1		https://api.leadconnectorhq.com/widget/booking/UiR6wCBt9bHaEqymFSYN	4.9	https://chromaela.com/wp-content/uploads/2025/11/DJI_0080.webp\nhttps://chromaela.com/wp-content/uploads/2025/11/DJI_0110.webp\nhttps://chromaela.com/wp-content/uploads/2025/11/DJI_0116.webp\nhttps://chromaela.com/wp-content/uploads/2025/11/DSC00797.webp	
4413	Satellite Blvd Campus, Duluth, GA	satellite-bvd-campus	3730 Satellite Blvd	Duluth	GA	30096	470-470-6389	satellite@chromaela.com	6:30am-6:30pm	33.9563258	-84.1381592	Dasia Martinez	1		https://api.leadconnectorhq.com/widget/booking/ukoSiUWI3SmpZmOdAqKk	4.8	https://chromaela.com/wp-content/uploads/2025/11/DJI_0488.webp 
\nhttps://chromaela.com/wp-content/uploads/2025/11/DJI_0499.webp 
\nhttps://chromaela.com/wp-content/uploads/2025/11/DJI_0493.webp 
\nhttps://chromaela.com/wp-content/uploads/2025/11/DSC00554.webp 
\nhttps://chromaela.com/wp-content/uploads/2025/11/DSC00503.webp 
\nhttps://chromaela.com/wp-content/uploads/2025/11/DSC00545.webp	
4420	Shenandoah Campus, Newnan GA	newnan	40 Bledsoe Rd	Newnan	GA	30265	470-684-5914	newnan@chromaela.com	6:30am-6:30pm	33.39936	-84.750983				https://api.leadconnectorhq.com/widget/booking/Gh2zOnIVd1IBVglg6J5A	4.9	https://chromaela.com/wp-content/uploads/2026/06/file_46-b1720602-1d77-43ec-bfa6-7a981c43b512.jpg
\nhttps://chromaela.com/wp-content/uploads/2026/06/file_47-983b302d-619c-4ccc-819a-6b3e3e8453c3.jpg
\nhttps://chromaela.com/wp-content/uploads/2026/06/file_48-20c1b6cd-8eb0-43c4-8fe0-c46ac902bb3b.jpg
\nhttps://chromaela.com/wp-content/uploads/2025/11/DSC00773.webp	What areas does Chroma Shenandoah Newnan serve?|We serve families in Newnan, Shenandoah, and surrounding Coweta County neighborhoods.
\nIs this a good preschool option in Newnan?|Yes, our program supports early learning and kindergarten readiness for Newnan families.
4416	South Cobb Campus, Austell	south-cobb-campus-austell	7225 Premier Lane	Austell	GA	30168	470-260-9541	southcobb@chromaela.com	6:30am-6:30pm	33.7778694	-84.5651223	Keishawn Meredeith	1		https://api.leadconnectorhq.com/widget/booking/XTJdgrBnFuTEdlUHVkm5	4.8	https://chromaela.com/wp-content/uploads/2025/11/DSC00632.webp	Which areas are served by Chroma Austell?|We serve families across Austell, South Cobb, Mableton, and surrounding West Cobb communities.
\nDoes this location offer preschool near South Cobb schools?|Yes, our preschool program supports families near local South Cobb elementary schools.
6782	Stockbridge Campus	chroma-early-learning-academy-stockbridge	300 Inverness Ave	McDonough	GA	30253	770-288-2422	stockbridge@chromaela.com	6:30am-6:30pm	33.5019030	-84.1839980			Georgia Pre-K Program Summer Camp Program Before &amp; After School Care STEM Enrichment Art &amp; Music Programs	https://api.leadconnectorhq.com/widget/booking/BMBXxtsWQzChtj6KX104			What ages does Chroma Stockbridge serve?|We care for children from 6 weeks to 12 years old, offering age-appropriate programs from infant care through school-age enrichment.
\nWhat are your operating hours?|Our Stockbridge campus is open Monday through Friday, 6:30am to 6:30pm, with flexible scheduling to accommodate working families.
\nWhat programs are available at the Stockbridge campus?|We offer infant care, toddler programs, preschool, Georgia Pre-K, before and after school care, and a fun-filled summer camp program.
6780	Sugarloaf Pkwy Campus	chroma-early-learning-academy-sugarloaf-pkwy	3155 Sugarloaf Pkwy	Lawrenceville	GA	30045	770-277-5353	sugarloaf@chromaela.com	6:30am-6:30pm	33.9211835	-84.0093449			Georgia Pre-K Program Summer Camp Program Before &amp; After School Care STEM Enrichment Art &amp; Music Programs	https://api.leadconnectorhq.com/widget/booking/NqFdIITIDzM9j0xaxZQw			What ages does Chroma Sugarloaf serve?|We welcome children from 6 weeks to 12 years old, offering programs for infants, toddlers, preschoolers, and school-age children.
\nWhat are your operating hours?|Our Sugarloaf campus is open Monday through Friday, 6:30am to 6:30pm, providing flexible scheduling for working families.
\nWhat programs are available at the Sugarloaf campus?|We offer infant care, toddler programs, preschool, Georgia Pre-K, before and after school care, and an exciting summer camp program.
4290	Tramore Campus	tramore-campus-austell	2081 Mesa Valley Way	Austell	GA	30106	470-800-7720	tramore@chromaela.com	6:30am-6:30pm	33.8540031509815	-84.61517444643513				https://api.leadconnectorhq.com/widget/booking/c1YRju3iSSjKS30ZU6SG	4.3	https://chromaela.com/wp-content/uploads/2025/12/20251024_172812.webp	
4287	Tyrone Campus	tyrone-campus	291 Jenkins Road	Tyrone		30290	470-450-1130		6:30am-6:30pm	33.4957283	-84.56748	Kimberly Craven	1		https://api.leadconnectorhq.com/widget/booking/zYzlgeGyekHDHA7krGXI	5.0	https://chromaela.com/wp-content/uploads/2025/11/DJI_0356.webp	What areas are served by Chroma Tyrone?|Our Tyrone campus serves families in Tyrone, Peachtree City, and Fayetteville.
\nIs this daycare convenient for Fayette County schools?|Yes, we are near Tyrone Elementary, Robert J. Burch Elementary, and Kedron Elementary.
4411	West Cobb Campus, Marietta	west-cobb-campus	2424 Powder Springs Rd SW	Marietta	GA	30064	470-928-5659	westcobb@chromaela.com	6:30am-6:30pm	33.8737104	-84.6265554	Sonia Atkins			https://api.leadconnectorhq.com/widget/booking/mM8ZYTz4ihytfH7fOuwn	4.9	https://chromaela.com/wp-content/uploads/2025/11/Gemini_Generated_Image_smfjxqsmfjxqsmfj.png
\nhttps://chromaela.com/wp-content/uploads/2025/12/Gemini_Generated_Image_s32gdqs32gdqs32g.png
\nhttps://chromaela.com/wp-content/uploads/2025/11/DJI_0278.webp 
\nhttps://chromaela.com/wp-content/uploads/2025/11/DJI_0266.webp 
\nhttps://chromaela.com/wp-content/uploads/2025/11/DSC00074.webp
\nhttps://chromaela.com/wp-content/uploads/2025/11/DSC00089.webp 
\nhttps://chromaela.com/wp-content/uploads/2025/11/DSC00125.webp	
