record_type	ID	post_title	post_name	age_range	parent_intro	experience	priorities	prism_stage	image	campus_links	cta	schedule	faq	seo
program	4219	Infant Care	infant-care	yes	yes	yes	yes	yes	yes	yes	yes	yes	fallback	fallback
program	4293	Toddlers	toddler-care	yes	yes	yes	yes	yes	yes	yes	yes	yes	fallback	fallback
program	4322	Preschool	preschool	yes	yes	yes	yes	yes	yes	yes	yes	yes	fallback	fallback
program	4323	Pre-K Prep	pre-k-prep	yes	yes	yes	yes	yes	yes	yes	yes	yes	fallback	fallback
program	4324	Pre-K / GA Pre-K	ga-pre-k	yes	yes	yes	yes	yes	yes	yes	yes	yes	fallback	fallback
program	4325	Schoolagers	after-school	yes	yes	yes	yes	yes	yes	yes	yes	yes	fallback	fallback
program	4326	Camp ( Summer, Winter, Fall)	camp-summer-winter-fall	yes	yes	yes	yes	yes	yes	yes	yes	yes	fallback	fallback
program	6785	Kindergarten	kindergarten-1	yes	yes	yes	yes	yes	yes	yes	yes	missing	fallback	yes
program	7708	Rising Pre-K	rising-pre-k	yes	yes	yes	yes	yes	yes	yes	yes	missing	fallback	fallback
program	7709	Rising Kindergarten	rising-kindergarten	yes	yes	yes	yes	yes	yes	yes	yes	missing	fallback	fallback
program	4327	Parent's Day Out	parents-day-out	yes	yes	yes	yes	yes	yes	yes	yes	yes	fallback	fallback
record_type	ID	post_title	post_name	address	phone	email	hours	coordinates	tour_link	images	faq	director	intro	programs	ages	features	school_pickups	ga_pre_k	caps	quality_rated	licensing	testimonial	tuition	availability	nearby_communities	nearby_access	last_reviewed
location	6779	Chadwick Campus	chroma-early-learning-academy-chadwick	yes	yes	yes	yes	yes	fallback	yes	yes	optional	yes	yes	yes	yes	optional	optional	optional	yes	missing	optional	fallback	fallback	yes	yes	yes
location	4406	Cherokee Academy by Chroma, Canton GA	cherokee-campus	yes	yes	yes	yes	yes	yes	yes	fallback	yes	yes	yes	yes	yes	yes	yes	optional	yes	missing	yes	fallback	fallback	yes	yes	yes
location	4289	Downtown Duluth	pleasanthill-campus-duluth	yes	yes	yes	yes	yes	yes	yes	fallback	yes	yes	yes	fallback	yes	yes	yes	optional	yes	missing	yes	fallback	fallback	yes	yes	yes
location	4410	Ellenwood Campus	ellenwood-campus	yes	yes	yes	yes	yes	yes	yes	yes	yes	yes	yes	yes	yes	yes	yes	optional	yes	missing	yes	fallback	fallback	yes	yes	yes
location	6781	Grayson Campus	chroma-early-learning-academy-grayson	yes	yes	yes	yes	yes	yes	fallback	yes	optional	yes	yes	yes	yes	optional	yes	optional	optional	missing	optional	fallback	fallback	yes	yes	yes
location	4237	Johns Creek Campus	johns-creek	yes	yes	yes	yes	yes	yes	yes	yes	yes	yes	yes	yes	yes	yes	yes	optional	yes	missing	yes	fallback	fallback	yes	yes	yes
location	4414	Jonesboro Campus	jonesboro-campus	yes	yes	yes	yes	yes	yes	yes	fallback	yes	yes	yes	yes	yes	yes	yes	optional	yes	missing	yes	fallback	fallback	yes	yes	yes
location	4288	Lawrenceville Campus	lawrenceville-campus	yes	yes	yes	yes	yes	yes	yes	yes	yes	yes	yes	fallback	yes	yes	yes	optional	yes	missing	yes	fallback	fallback	yes	yes	yes
location	4407	Lilburn Campus	lilburn-campus	yes	yes	yes	yes	yes	yes	yes	yes	optional	yes	yes	yes	yes	yes	yes	optional	yes	missing	yes	fallback	fallback	yes	yes	yes
location	4408	Marietta Campus ( East )	east-cobb-campus	yes	yes	yes	yes	yes	yes	yes	yes	yes	yes	yes	yes	yes	yes	yes	optional	yes	missing	yes	fallback	fallback	yes	yes	yes
location	4336	Mcdonough Campus	mcdonough	yes	yes	yes	yes	yes	yes	yes	yes	yes	yes	yes	yes	yes	optional	yes	optional	yes	missing	yes	fallback	fallback	yes	yes	yes
location	4417	Midway Campus, Alpharetta GA	midway-campus	yes	yes	yes	yes	yes	yes	yes	yes	yes	yes	yes	yes	yes	yes	yes	optional	yes	missing	yes	fallback	fallback	yes	yes	yes
location	4419	North Hall Campus, Murrayville	north-hall-campus-murraysville	yes	yes	yes	yes	yes	yes	yes	yes	yes	yes	yes	yes	yes	optional	optional	yes	yes	missing	yes	fallback	fallback	yes	yes	yes
location	8641	Parklake Campus, Atlanta GA	parklake-campus	yes	yes	yes	yes	yes	yes	yes	yes	optional	yes	yes	yes	yes	optional	yes	optional	yes	yes	yes	fallback	fallback	yes	yes	yes
location	4415	Rivergreen Campus, Canton GA	rivergreen-campus	yes	yes	yes	yes	yes	yes	yes	yes	yes	yes	yes	yes	yes	yes	yes	optional	yes	missing	yes	fallback	fallback	yes	yes	yes
location	4409	Roswell Campus	roswell-campus	yes	yes	yes	yes	yes	yes	yes	fallback	yes	yes	yes	yes	yes	yes	yes	optional	yes	missing	yes	fallback	fallback	yes	yes	yes
location	4413	Satellite Blvd Campus, Duluth, GA	satellite-bvd-campus	yes	yes	yes	yes	yes	yes	yes	fallback	yes	yes	yes	yes	yes	yes	yes	optional	yes	missing	yes	fallback	fallback	yes	yes	yes
location	4420	Shenandoah Campus, Newnan GA	newnan	yes	yes	yes	yes	yes	yes	yes	yes	optional	fallback	yes	yes	optional	optional	yes	optional	optional	missing	yes	fallback	fallback	yes	yes	yes
location	4416	South Cobb Campus, Austell	south-cobb-campus-austell	yes	yes	yes	yes	yes	yes	yes	yes	yes	yes	yes	yes	yes	yes	yes	optional	yes	missing	yes	fallback	fallback	yes	yes	yes
location	6782	Stockbridge Campus	chroma-early-learning-academy-stockbridge	yes	yes	yes	yes	yes	yes	fallback	yes	optional	yes	yes	yes	yes	optional	yes	optional	optional	missing	optional	fallback	fallback	yes	yes	yes
location	6780	Sugarloaf Pkwy Campus	chroma-early-learning-academy-sugarloaf-pkwy	yes	yes	yes	yes	yes	yes	fallback	yes	optional	yes	yes	yes	yes	optional	yes	optional	optional	missing	optional	fallback	fallback	yes	yes	yes
location	4290	Tramore Campus	tramore-campus-austell	yes	yes	yes	yes	yes	yes	yes	fallback	optional	fallback	yes	fallback	optional	optional	yes	optional	optional	missing	yes	fallback	fallback	yes	yes	yes
location	4287	Tyrone Campus	tyrone-campus	yes	yes	missing	yes	yes	yes	yes	yes	yes	yes	yes	fallback	yes	yes	yes	optional	yes	missing	yes	fallback	fallback	yes	yes	yes
location	4411	West Cobb Campus, Marietta	west-cobb-campus	yes	yes	yes	yes	yes	yes	yes	fallback	yes	yes	yes	yes	optional	yes	yes	optional	optional	missing	yes	fallback	fallback	yes	yes	yes
