"url","pageType","depth","orphan"
"https://x3yyntt5tp-staging.wpdns.site/es/","homepage","0","false"
"https://x3yyntt5tp-staging.wpdns.site/2026/05/22/georgia-pre-k-parent-guide/","editorial-single","1","false"
"https://x3yyntt5tp-staging.wpdns.site/locations/parklake-campus/","location-single","1","false"
"https://x3yyntt5tp-staging.wpdns.site/es/locations/parklake-campus/","location-single","1","false"
"https://x3yyntt5tp-staging.wpdns.site/","homepage","0","false"
"https://x3yyntt5tp-staging.wpdns.site/programs/rising-kindergarten/","program-single","2","false"
"https://x3yyntt5tp-staging.wpdns.site/es/programs/rising-kindergarten/","program-single","2","false"
"https://x3yyntt5tp-staging.wpdns.site/programs/rising-pre-k/","program-single","2","false"
"https://x3yyntt5tp-staging.wpdns.site/es/programs/rising-pre-k/","program-single","2","false"
"https://x3yyntt5tp-staging.wpdns.site/programs/kindergarten/","program-single","2","false"
"https://x3yyntt5tp-staging.wpdns.site/es/programs/kindergarten/","program-single","2","false"
"https://x3yyntt5tp-staging.wpdns.site/locations/chroma-early-learning-academy-stockbridge/","location-single","1","false"
"https://x3yyntt5tp-staging.wpdns.site/es/locations/chroma-early-learning-academy-stockbridge/","location-single","1","false"
"https://x3yyntt5tp-staging.wpdns.site/locations/chroma-early-learning-academy-grayson/","location-single","1","false"
"https://x3yyntt5tp-staging.wpdns.site/es/locations/chroma-early-learning-academy-grayson/","location-single","1","false"
"https://x3yyntt5tp-staging.wpdns.site/locations/chroma-early-learning-academy-sugarloaf-pkwy/","location-single","1","false"
"https://x3yyntt5tp-staging.wpdns.site/es/locations/chroma-early-learning-academy-sugarloaf-pkwy/","location-single","1","false"
"https://x3yyntt5tp-staging.wpdns.site/locations/chroma-early-learning-academy-chadwick/","location-single","1","false"
"https://x3yyntt5tp-staging.wpdns.site/es/locations/chroma-early-learning-academy-chadwick/","location-single","1","false"
"https://x3yyntt5tp-staging.wpdns.site/summer-camp-discover-go/","summer-camp","1","false"
"https://x3yyntt5tp-staging.wpdns.site/es/summer-camp-discover-go/","summer-camp","2","false"
"https://x3yyntt5tp-staging.wpdns.site/chroma-early-start/","early-start","1","false"
"https://x3yyntt5tp-staging.wpdns.site/2026/01/13/explore-the-link-between-care-quality-and-education-pricing/","editorial-single","1","false"
"https://x3yyntt5tp-staging.wpdns.site/es/2026/01/13/explore-the-link-between-care-quality-and-education-pricing/","editorial-single","1","false"
"https://x3yyntt5tp-staging.wpdns.site/2026/01/07/early-education-expansion-chroma-academys-19-new-locations/","editorial-single","2","false"
"https://x3yyntt5tp-staging.wpdns.site/es/2026/01/07/early-education-expansion-chroma-academys-19-new-locations/","editorial-single","2","false"
"https://x3yyntt5tp-staging.wpdns.site/terms-of-service/","legal","1","false"
"https://x3yyntt5tp-staging.wpdns.site/es/terms-of-service/","legal","1","false"
"https://x3yyntt5tp-staging.wpdns.site/2025/12/29/promoting-healthy-eating-habits-for-young-children/","editorial-single","2","false"
"https://x3yyntt5tp-staging.wpdns.site/es/2025/12/29/promoting-healthy-eating-habits-for-young-children/","editorial-single","2","false"
"https://x3yyntt5tp-staging.wpdns.site/2025/12/29/home-daycare-vs-childcare-center-a-comparison/","editorial-single","2","false"
"https://x3yyntt5tp-staging.wpdns.site/es/2025/12/29/home-daycare-vs-childcare-center-a-comparison/","editorial-single","2","false"
"https://x3yyntt5tp-staging.wpdns.site/2025/12/29/strategies-for-supporting-children-with-autism-spectrum-disorder/","editorial-single","2","false"
"https://x3yyntt5tp-staging.wpdns.site/es/2025/12/29/strategies-for-supporting-children-with-autism-spectrum-disorder/","editorial-single","2","false"
"https://x3yyntt5tp-staging.wpdns.site/2025/12/29/fostering-emotional-readiness-for-kindergarten-success/","editorial-single","2","false"
"https://x3yyntt5tp-staging.wpdns.site/es/2025/12/29/fostering-emotional-readiness-for-kindergarten-success/","editorial-single","2","false"
"https://x3yyntt5tp-staging.wpdns.site/2025/12/29/understanding-childcare-accreditation-its-importance/","editorial-single","2","false"
"https://x3yyntt5tp-staging.wpdns.site/es/2025/12/29/understanding-childcare-accreditation-its-importance/","editorial-single","2","false"
"https://x3yyntt5tp-staging.wpdns.site/2025/12/29/top-questions-to-ask-childcare-providers/","editorial-single","2","false"
"https://x3yyntt5tp-staging.wpdns.site/es/2025/12/29/top-questions-to-ask-childcare-providers/","editorial-single","2","false"
"https://x3yyntt5tp-staging.wpdns.site/2025/12/29/helping-children-cope-with-family-changes/","editorial-single","2","false"
"https://x3yyntt5tp-staging.wpdns.site/es/2025/12/29/helping-children-cope-with-family-changes/","editorial-single","2","false"
"https://x3yyntt5tp-staging.wpdns.site/2025/12/29/helping-children-cope-with-stress-anxiety/","editorial-single","2","false"
"https://x3yyntt5tp-staging.wpdns.site/es/2025/12/29/helping-children-cope-with-stress-anxiety/","editorial-single","2","false"
"https://x3yyntt5tp-staging.wpdns.site/2025/12/29/strategies-for-preventing-childhood-obesity/","editorial-single","2","false"
"https://x3yyntt5tp-staging.wpdns.site/es/2025/12/29/strategies-for-preventing-childhood-obesity/","editorial-single","2","false"
"https://x3yyntt5tp-staging.wpdns.site/2025/12/27/recognizing-developmental-red-flags-in-children/","editorial-single","2","false"
"https://x3yyntt5tp-staging.wpdns.site/es/2025/12/27/recognizing-developmental-red-flags-in-children/","editorial-single","2","false"
"https://x3yyntt5tp-staging.wpdns.site/2025/12/27/mastering-toddler-behavior-effective-tantrum-solutions/","editorial-single","2","false"
"https://x3yyntt5tp-staging.wpdns.site/es/2025/12/27/mastering-toddler-behavior-effective-tantrum-solutions/","editorial-single","2","false"
"https://x3yyntt5tp-staging.wpdns.site/2025/12/27/required-enrollment-forms-and-documents-for-registration/","editorial-single","2","false"
"https://x3yyntt5tp-staging.wpdns.site/es/2025/12/27/required-enrollment-forms-and-documents-for-registration/","editorial-single","2","false"
"https://x3yyntt5tp-staging.wpdns.site/2025/12/27/tips-for-effective-communication-with-toddlers/","editorial-single","2","false"
"https://x3yyntt5tp-staging.wpdns.site/es/2025/12/27/tips-for-effective-communication-with-toddlers/","editorial-single","2","false"
"https://x3yyntt5tp-staging.wpdns.site/2025/12/26/supporting-cognitive-development-in-school-age-children/","editorial-single","2","false"
"https://x3yyntt5tp-staging.wpdns.site/es/2025/12/26/supporting-cognitive-development-in-school-age-children/","editorial-single","2","false"
"https://x3yyntt5tp-staging.wpdns.site/2025/12/26/our-emergency-preparedness-plan-for-childcare-safety/","editorial-single","2","false"
"https://x3yyntt5tp-staging.wpdns.site/es/2025/12/26/our-emergency-preparedness-plan-for-childcare-safety/","editorial-single","2","false"
"https://x3yyntt5tp-staging.wpdns.site/2025/12/26/typical-daily-schedule-in-our-infant-care-program/","editorial-single","3","false"
"https://x3yyntt5tp-staging.wpdns.site/es/2025/12/26/typical-daily-schedule-in-our-infant-care-program/","editorial-single","3","false"
"https://x3yyntt5tp-staging.wpdns.site/2025/12/26/the-benefits-of-play-based-learning-in-preschool/","editorial-single","3","false"
"https://x3yyntt5tp-staging.wpdns.site/es/2025/12/26/the-benefits-of-play-based-learning-in-preschool/","editorial-single","3","false"
"https://x3yyntt5tp-staging.wpdns.site/2025/12/26/essential-resources-for-parents-of-special-needs-children/","editorial-single","3","false"
"https://x3yyntt5tp-staging.wpdns.site/es/2025/12/26/essential-resources-for-parents-of-special-needs-children/","editorial-single","3","false"
"https://x3yyntt5tp-staging.wpdns.site/2025/12/26/finding-support-groups-for-new-parents/","editorial-single","3","false"
"https://x3yyntt5tp-staging.wpdns.site/es/2025/12/26/finding-support-groups-for-new-parents/","editorial-single","3","false"
"https://x3yyntt5tp-staging.wpdns.site/2025/12/26/effective-positive-discipline-techniques-for-young-children/","editorial-single","3","false"
"https://x3yyntt5tp-staging.wpdns.site/es/2025/12/26/effective-positive-discipline-techniques-for-young-children/","editorial-single","3","false"
"https://x3yyntt5tp-staging.wpdns.site/2025/12/26/georgia-pre-k-eligibility-requirements-application-guide/","editorial-single","3","false"
"https://x3yyntt5tp-staging.wpdns.site/es/2025/12/26/georgia-pre-k-eligibility-requirements-application-guide/","editorial-single","3","false"
"https://x3yyntt5tp-staging.wpdns.site/2025/12/26/the-benefits-of-outdoor-learning-in-early-education/","editorial-single","3","false"
"https://x3yyntt5tp-staging.wpdns.site/es/2025/12/26/the-benefits-of-outdoor-learning-in-early-education/","editorial-single","3","false"
"https://x3yyntt5tp-staging.wpdns.site/2025/12/26/comprehensive-allergy-management-in-our-childcare-centers/","editorial-single","3","false"
"https://x3yyntt5tp-staging.wpdns.site/es/2025/12/26/comprehensive-allergy-management-in-our-childcare-centers/","editorial-single","3","false"
"https://x3yyntt5tp-staging.wpdns.site/2025/12/26/introducing-stem-concepts-to-preschoolers/","editorial-single","3","false"
"https://x3yyntt5tp-staging.wpdns.site/es/2025/12/26/introducing-stem-concepts-to-preschoolers/","editorial-single","2","false"
"https://x3yyntt5tp-staging.wpdns.site/2025/12/26/healthy-screen-time-guidelines-for-young-children/","editorial-single","3","false"
"https://x3yyntt5tp-staging.wpdns.site/es/2025/12/26/healthy-screen-time-guidelines-for-young-children/","editorial-single","3","false"
"https://x3yyntt5tp-staging.wpdns.site/2025/12/26/fostering-social-emotional-learning-in-early-childhood/","editorial-single","3","false"
"https://x3yyntt5tp-staging.wpdns.site/es/2025/12/26/fostering-social-emotional-learning-in-early-childhood/","editorial-single","3","false"
"https://x3yyntt5tp-staging.wpdns.site/2025/12/26/premier-preschool-programs-in-atlanta-georgia/","editorial-single","3","false"
"https://x3yyntt5tp-staging.wpdns.site/es/2025/12/26/premier-preschool-programs-in-atlanta-georgia/","editorial-single","3","false"
"https://x3yyntt5tp-staging.wpdns.site/2025/12/26/faqs-about-daily-operations-academy-policies/","editorial-single","3","false"
"https://x3yyntt5tp-staging.wpdns.site/es/2025/12/26/faqs-about-daily-operations-academy-policies/","editorial-single","3","false"
"https://x3yyntt5tp-staging.wpdns.site/2025/12/26/key-benefits-of-enrolling-in-after-school-programs/","editorial-single","3","false"
"https://x3yyntt5tp-staging.wpdns.site/es/2025/12/26/key-benefits-of-enrolling-in-after-school-programs/","editorial-single","3","false"
"https://x3yyntt5tp-staging.wpdns.site/2025/12/26/guide-to-child-development-stages-ages-milestones/","editorial-single","3","false"
"https://x3yyntt5tp-staging.wpdns.site/es/2025/12/26/guide-to-child-development-stages-ages-milestones/","editorial-single","3","false"
"https://x3yyntt5tp-staging.wpdns.site/2025/12/26/understanding-our-childcare-illness-policy/","editorial-single","3","false"
"https://x3yyntt5tp-staging.wpdns.site/es/2025/12/26/understanding-our-childcare-illness-policy/","editorial-single","3","false"
"https://x3yyntt5tp-staging.wpdns.site/2025/12/26/chroma-early-learning-academy-tuition-fees-guide/","editorial-single","3","false"
"https://x3yyntt5tp-staging.wpdns.site/es/2025/12/26/chroma-early-learning-academy-tuition-fees-guide/","editorial-single","3","false"
"https://x3yyntt5tp-staging.wpdns.site/2025/12/26/practicing-mindful-parenting-for-a-calmer-home/","editorial-single","3","false"
"https://x3yyntt5tp-staging.wpdns.site/es/2025/12/26/practicing-mindful-parenting-for-a-calmer-home/","editorial-single","3","false"
"https://x3yyntt5tp-staging.wpdns.site/2025/12/26/childcare-subsidies-financial-aid-options/","editorial-single","3","false"
"https://x3yyntt5tp-staging.wpdns.site/es/2025/12/26/childcare-subsidies-financial-aid-options/","editorial-single","3","false"
"https://x3yyntt5tp-staging.wpdns.site/2025/12/26/tips-for-creating-inclusive-classrooms-for-all-learners/","editorial-single","3","false"
"https://x3yyntt5tp-staging.wpdns.site/es/2025/12/26/tips-for-creating-inclusive-classrooms-for-all-learners/","editorial-single","3","false"
"https://x3yyntt5tp-staging.wpdns.site/2025/12/26/effective-potty-training-support-in-toddler-programs/","editorial-single","3","false"
"https://x3yyntt5tp-staging.wpdns.site/es/2025/12/26/effective-potty-training-support-in-toddler-programs/","editorial-single","3","false"
"https://x3yyntt5tp-staging.wpdns.site/2025/12/26/understanding-infant-feeding-schedules-nutrition/","editorial-single","3","false"
"https://x3yyntt5tp-staging.wpdns.site/es/2025/12/26/understanding-infant-feeding-schedules-nutrition/","editorial-single","3","false"
"https://x3yyntt5tp-staging.wpdns.site/2025/12/26/exploring-global-early-education-models-practices/","editorial-single","3","false"
"https://x3yyntt5tp-staging.wpdns.site/es/2025/12/26/exploring-global-early-education-models-practices/","editorial-single","3","false"
"https://x3yyntt5tp-staging.wpdns.site/2025/12/26/how-to-create-a-cozy-reading-nook-for-kids/","editorial-single","3","false"
"https://x3yyntt5tp-staging.wpdns.site/es/2025/12/26/how-to-create-a-cozy-reading-nook-for-kids/","editorial-single","3","false"
"https://x3yyntt5tp-staging.wpdns.site/2025/12/26/essential-guide-choosing-a-preschool-with-key-questions/","editorial-single","3","false"
"https://x3yyntt5tp-staging.wpdns.site/es/2025/12/26/essential-guide-choosing-a-preschool-with-key-questions/","editorial-single","3","false"
"https://x3yyntt5tp-staging.wpdns.site/2025/12/26/how-nutrition-impacts-early-learning-and-behavior/","editorial-single","3","false"
"https://x3yyntt5tp-staging.wpdns.site/es/2025/12/26/how-nutrition-impacts-early-learning-and-behavior/","editorial-single","3","false"
"https://x3yyntt5tp-staging.wpdns.site/2025/12/26/is-your-kid-ready-for-preschool-hilarious-signs-to-spot/","editorial-single","3","false"
"https://x3yyntt5tp-staging.wpdns.site/es/2025/12/26/is-your-kid-ready-for-preschool-hilarious-signs-to-spot/","editorial-single","3","false"
"https://x3yyntt5tp-staging.wpdns.site/2025/12/26/mini-scientists-how-curiosity-fuels-early-stem-learning/","editorial-single","3","false"
"https://x3yyntt5tp-staging.wpdns.site/es/2025/12/26/mini-scientists-how-curiosity-fuels-early-stem-learning/","editorial-single","3","false"
"https://x3yyntt5tp-staging.wpdns.site/2025/12/26/effective-homework-help-in-our-after-school-program/","editorial-single","3","false"
"https://x3yyntt5tp-staging.wpdns.site/es/2025/12/26/effective-homework-help-in-our-after-school-program/","editorial-single","3","false"
"https://x3yyntt5tp-staging.wpdns.site/2025/12/26/tips-for-planning-family-vacations-with-kids/","editorial-single","3","false"
"https://x3yyntt5tp-staging.wpdns.site/es/2025/12/26/tips-for-planning-family-vacations-with-kids/","editorial-single","3","false"
"https://x3yyntt5tp-staging.wpdns.site/2025/12/26/easy-diy-learning-games-for-young-children/","editorial-single","3","false"
"https://x3yyntt5tp-staging.wpdns.site/es/2025/12/26/easy-diy-learning-games-for-young-children/","editorial-single","3","false"
"https://x3yyntt5tp-staging.wpdns.site/2025/12/26/after-school-programs-in-atlanta-georgia/","editorial-single","3","false"
"https://x3yyntt5tp-staging.wpdns.site/es/2025/12/26/after-school-programs-in-atlanta-georgia/","editorial-single","3","false"
"https://x3yyntt5tp-staging.wpdns.site/2025/12/26/the-art-of-storytelling-for-children/","editorial-single","3","false"
"https://x3yyntt5tp-staging.wpdns.site/es/2025/12/26/the-art-of-storytelling-for-children/","editorial-single","3","false"
"https://x3yyntt5tp-staging.wpdns.site/2025/12/26/time-management-strategies-for-working-parents/","editorial-single","3","false"
"https://x3yyntt5tp-staging.wpdns.site/es/2025/12/26/time-management-strategies-for-working-parents/","editorial-single","3","false"
"https://x3yyntt5tp-staging.wpdns.site/2025/12/26/introducing-mindfulness-practices-for-children/","editorial-single","3","false"
"https://x3yyntt5tp-staging.wpdns.site/es/2025/12/26/introducing-mindfulness-practices-for-children/","editorial-single","3","false"
"https://x3yyntt5tp-staging.wpdns.site/2025/12/26/top-classroom-management-strategies-for-preschool/","editorial-single","3","false"
"https://x3yyntt5tp-staging.wpdns.site/es/2025/12/26/top-classroom-management-strategies-for-preschool/","editorial-single","3","false"
"https://x3yyntt5tp-staging.wpdns.site/2025/12/26/essential-back-to-school-tips-for-parents-kids/","editorial-single","3","false"
"https://x3yyntt5tp-staging.wpdns.site/es/2025/12/26/essential-back-to-school-tips-for-parents-kids/","editorial-single","3","false"
"https://x3yyntt5tp-staging.wpdns.site/2025/12/26/benefits-of-early-intervention-programs-for-children/","editorial-single","3","false"
"https://x3yyntt5tp-staging.wpdns.site/es/2025/12/26/benefits-of-early-intervention-programs-for-children/","editorial-single","3","false"
"https://x3yyntt5tp-staging.wpdns.site/2025/12/26/quick-healthy-snack-ideas-for-toddlers/","editorial-single","3","false"
"https://x3yyntt5tp-staging.wpdns.site/es/2025/12/26/quick-healthy-snack-ideas-for-toddlers/","editorial-single","2","false"
"https://x3yyntt5tp-staging.wpdns.site/2025/12/26/addressing-social-challenges-in-school-age-children/","editorial-single","3","false"
"https://x3yyntt5tp-staging.wpdns.site/es/2025/12/26/addressing-social-challenges-in-school-age-children/","editorial-single","3","false"
"https://x3yyntt5tp-staging.wpdns.site/2025/12/26/how-to-choose-the-best-preschool-for-your-child/","editorial-single","3","false"
"https://x3yyntt5tp-staging.wpdns.site/es/2025/12/26/how-to-choose-the-best-preschool-for-your-child/","editorial-single","3","false"
"https://x3yyntt5tp-staging.wpdns.site/2025/12/26/developing-strong-social-skills-in-preschoolers/","editorial-single","3","false"
"https://x3yyntt5tp-staging.wpdns.site/es/2025/12/26/developing-strong-social-skills-in-preschoolers/","editorial-single","3","false"
"https://x3yyntt5tp-staging.wpdns.site/2025/12/26/tips-for-establishing-healthy-sleep-routines-for-kids/","editorial-single","3","false"
"https://x3yyntt5tp-staging.wpdns.site/es/2025/12/26/tips-for-establishing-healthy-sleep-routines-for-kids/","editorial-single","3","false"
"https://x3yyntt5tp-staging.wpdns.site/2025/12/26/tips-for-fostering-toddler-independence/","editorial-single","3","false"
"https://x3yyntt5tp-staging.wpdns.site/es/2025/12/26/tips-for-fostering-toddler-independence/","editorial-single","3","false"
"https://x3yyntt5tp-staging.wpdns.site/2025/12/26/benefits-of-gamification-in-early-childhood-learning/","editorial-single","3","false"
"https://x3yyntt5tp-staging.wpdns.site/es/2025/12/26/benefits-of-gamification-in-early-childhood-learning/","editorial-single","3","false"
"https://x3yyntt5tp-staging.wpdns.site/2025/12/26/recognizing-supporting-adhd-in-early-childhood/","editorial-single","2","false"
"https://x3yyntt5tp-staging.wpdns.site/es/2025/12/26/recognizing-supporting-adhd-in-early-childhood/","editorial-single","3","false"
"https://x3yyntt5tp-staging.wpdns.site/2025/12/26/top-rated-preschool-programs-in-decatur-ga/","editorial-single","3","false"
"https://x3yyntt5tp-staging.wpdns.site/es/2025/12/26/top-rated-preschool-programs-in-decatur-ga/","editorial-single","3","false"
"https://x3yyntt5tp-staging.wpdns.site/2025/12/26/key-benefits-of-enrolling-in-georgia-pre-k/","editorial-single","3","false"
"https://x3yyntt5tp-staging.wpdns.site/es/2025/12/26/key-benefits-of-enrolling-in-georgia-pre-k/","editorial-single","3","false"
"https://x3yyntt5tp-staging.wpdns.site/2025/12/26/top-rated-preschool-programs-in-alpharetta-ga/","editorial-single","3","false"
"https://x3yyntt5tp-staging.wpdns.site/es/2025/12/26/top-rated-preschool-programs-in-alpharetta-ga/","editorial-single","3","false"
"https://x3yyntt5tp-staging.wpdns.site/2025/12/26/after-school-programs-in-johns-creek-ga/","editorial-single","3","false"
"https://x3yyntt5tp-staging.wpdns.site/es/2025/12/26/after-school-programs-in-johns-creek-ga/","editorial-single","3","false"
"https://x3yyntt5tp-staging.wpdns.site/2025/12/26/after-school-programs-in-sandy-springs-ga/","editorial-single","3","false"
"https://x3yyntt5tp-staging.wpdns.site/es/2025/12/26/after-school-programs-in-sandy-springs-ga/","editorial-single","3","false"
"https://x3yyntt5tp-staging.wpdns.site/2025/12/26/strategies-for-coping-with-parental-burnout/","editorial-single","3","false"
"https://x3yyntt5tp-staging.wpdns.site/es/2025/12/26/strategies-for-coping-with-parental-burnout/","editorial-single","3","false"
"https://x3yyntt5tp-staging.wpdns.site/2025/12/26/tips-for-preparing-your-child-for-daycare/","editorial-single","3","false"
"https://x3yyntt5tp-staging.wpdns.site/es/2025/12/26/tips-for-preparing-your-child-for-daycare/","editorial-single","3","false"
"https://x3yyntt5tp-staging.wpdns.site/2025/12/26/strategies-for-managing-sibling-rivalry-effectively/","editorial-single","3","false"
"https://x3yyntt5tp-staging.wpdns.site/es/2025/12/26/strategies-for-managing-sibling-rivalry-effectively/","editorial-single","3","false"
"https://x3yyntt5tp-staging.wpdns.site/2025/12/26/creative-date-night-ideas-for-busy-parents/","editorial-single","3","false"
"https://x3yyntt5tp-staging.wpdns.site/es/2025/12/26/creative-date-night-ideas-for-busy-parents/","editorial-single","3","false"
"https://x3yyntt5tp-staging.wpdns.site/2025/12/26/chroma-early-learning-academy-mission-core-values/","editorial-single","3","false"
"https://x3yyntt5tp-staging.wpdns.site/es/2025/12/26/chroma-early-learning-academy-mission-core-values/","editorial-single","3","false"
"https://x3yyntt5tp-staging.wpdns.site/2025/12/26/developing-infant-fine-gross-motor-skills/","editorial-single","3","false"
"https://x3yyntt5tp-staging.wpdns.site/es/2025/12/26/developing-infant-fine-gross-motor-skills/","editorial-single","3","false"
"https://x3yyntt5tp-staging.wpdns.site/2025/12/26/fostering-problem-solving-skills-in-preschoolers/","editorial-single","3","false"
"https://x3yyntt5tp-staging.wpdns.site/es/2025/12/26/fostering-problem-solving-skills-in-preschoolers/","editorial-single","3","false"
"https://x3yyntt5tp-staging.wpdns.site/2025/12/26/strategies-for-coping-with-separation-anxiety-in-children/","editorial-single","3","false"
"https://x3yyntt5tp-staging.wpdns.site/es/2025/12/26/strategies-for-coping-with-separation-anxiety-in-children/","editorial-single","3","false"
"https://x3yyntt5tp-staging.wpdns.site/2025/12/26/benefits-of-inquiry-based-learning-in-early-childhood/","editorial-single","3","false"
"https://x3yyntt5tp-staging.wpdns.site/2025/12/26/understanding-childhood-growth-spurts-development/","editorial-single","3","false"
"https://x3yyntt5tp-staging.wpdns.site/es/2025/12/26/understanding-childhood-growth-spurts-development/","editorial-single","3","false"
"https://x3yyntt5tp-staging.wpdns.site/2025/12/26/benefits-of-speech-therapy-for-toddlers/","editorial-single","3","false"
"https://x3yyntt5tp-staging.wpdns.site/es/2025/12/26/benefits-of-speech-therapy-for-toddlers/","editorial-single","3","false"
"https://x3yyntt5tp-staging.wpdns.site/2025/12/26/how-to-build-self-esteem-in-young-children/","editorial-single","3","false"
"https://x3yyntt5tp-staging.wpdns.site/es/2025/12/26/how-to-build-self-esteem-in-young-children/","editorial-single","3","false"
"https://x3yyntt5tp-staging.wpdns.site/2025/12/26/georgia-pre-k-lottery-program-in-marietta-ga/","editorial-single","3","false"
"https://x3yyntt5tp-staging.wpdns.site/es/2025/12/26/georgia-pre-k-lottery-program-in-marietta-ga/","editorial-single","3","false"
"https://x3yyntt5tp-staging.wpdns.site/2025/12/26/key-toddler-developmental-milestones-how-we-support-them/","editorial-single","3","false"
"https://x3yyntt5tp-staging.wpdns.site/es/2025/12/26/key-toddler-developmental-milestones-how-we-support-them/","editorial-single","3","false"
"https://x3yyntt5tp-staging.wpdns.site/2025/12/26/essential-training-for-early-childhood-educators/","editorial-single","3","false"
"https://x3yyntt5tp-staging.wpdns.site/es/2025/12/26/essential-training-for-early-childhood-educators/","editorial-single","3","false"
"https://x3yyntt5tp-staging.wpdns.site/2025/12/26/kindergarten-readiness-programs-in-duluth-ga/","editorial-single","3","false"
"https://x3yyntt5tp-staging.wpdns.site/es/2025/12/26/kindergarten-readiness-programs-in-duluth-ga/","editorial-single","3","false"
"https://x3yyntt5tp-staging.wpdns.site/2025/12/26/frequently-asked-questions-about-enrollment/","editorial-single","3","false"
"https://x3yyntt5tp-staging.wpdns.site/es/2025/12/26/frequently-asked-questions-about-enrollment/","editorial-single","3","false"
"https://x3yyntt5tp-staging.wpdns.site/2025/12/26/nurturing-toddler-emotional-growth-regulation/","editorial-single","3","false"
"https://x3yyntt5tp-staging.wpdns.site/es/2025/12/26/nurturing-toddler-emotional-growth-regulation/","editorial-single","3","false"
"https://x3yyntt5tp-staging.wpdns.site/2025/12/26/strategies-for-preventing-teacher-burnout/","editorial-single","3","false"
"https://x3yyntt5tp-staging.wpdns.site/es/2025/12/26/strategies-for-preventing-teacher-burnout/","editorial-single","3","false"
"https://x3yyntt5tp-staging.wpdns.site/2025/12/26/best-infant-care-programs-in-atlanta-georgia/","editorial-single","3","false"
"https://x3yyntt5tp-staging.wpdns.site/es/2025/12/26/best-infant-care-programs-in-atlanta-georgia/","editorial-single","3","false"
"https://x3yyntt5tp-staging.wpdns.site/2025/12/26/meet-our-dedicated-early-learning-academy-team/","editorial-single","3","false"
"https://x3yyntt5tp-staging.wpdns.site/es/2025/12/26/meet-our-dedicated-early-learning-academy-team/","editorial-single","3","false"
"https://x3yyntt5tp-staging.wpdns.site/2025/12/26/understanding-individualized-education-plans-ieps/","editorial-single","3","false"
"https://x3yyntt5tp-staging.wpdns.site/es/2025/12/26/understanding-individualized-education-plans-ieps/","editorial-single","3","false"
"https://x3yyntt5tp-staging.wpdns.site/2025/12/26/developing-essential-social-skills-for-kindergarten/","editorial-single","3","false"
"https://x3yyntt5tp-staging.wpdns.site/es/2025/12/26/developing-essential-social-skills-for-kindergarten/","editorial-single","3","false"
"https://x3yyntt5tp-staging.wpdns.site/2025/12/26/the-importance-of-outdoor-play-for-child-development/","editorial-single","3","false"
"https://x3yyntt5tp-staging.wpdns.site/es/2025/12/26/the-importance-of-outdoor-play-for-child-development/","editorial-single","3","false"
"https://x3yyntt5tp-staging.wpdns.site/2025/12/26/top-rated-preschool-programs-in-johns-creek-ga/","editorial-single","3","false"
"https://x3yyntt5tp-staging.wpdns.site/es/2025/12/26/top-rated-preschool-programs-in-johns-creek-ga/","editorial-single","3","false"
"https://x3yyntt5tp-staging.wpdns.site/2025/12/26/supporting-toddler-language-development-communication/","editorial-single","3","false"
"https://x3yyntt5tp-staging.wpdns.site/es/2025/12/26/supporting-toddler-language-development-communication/","editorial-single","3","false"
"https://x3yyntt5tp-staging.wpdns.site/2025/12/26/engaging-sensory-activities-for-infant-development/","editorial-single","3","false"
"https://x3yyntt5tp-staging.wpdns.site/es/2025/12/26/engaging-sensory-activities-for-infant-development/","editorial-single","3","false"
"https://x3yyntt5tp-staging.wpdns.site/2025/12/26/fostering-strong-parent-teacher-relationships/","editorial-single","3","false"
"https://x3yyntt5tp-staging.wpdns.site/es/2025/12/26/fostering-strong-parent-teacher-relationships/","editorial-single","3","false"
"https://x3yyntt5tp-staging.wpdns.site/2025/12/26/easy-science-experiments-for-kids-at-home/","editorial-single","3","false"
"https://x3yyntt5tp-staging.wpdns.site/es/2025/12/26/easy-science-experiments-for-kids-at-home/","editorial-single","3","false"
"https://x3yyntt5tp-staging.wpdns.site/2025/12/26/preschool-vs-daycare-which-is-right-for-your-child/","editorial-single","3","false"
"https://x3yyntt5tp-staging.wpdns.site/es/2025/12/26/preschool-vs-daycare-which-is-right-for-your-child/","editorial-single","3","false"
"https://x3yyntt5tp-staging.wpdns.site/2025/12/26/top-benefits-of-professional-infant-care-for-early-development/","editorial-single","3","false"
"https://x3yyntt5tp-staging.wpdns.site/es/2025/12/26/top-benefits-of-professional-infant-care-for-early-development/","editorial-single","3","false"
"https://x3yyntt5tp-staging.wpdns.site/2025/12/26/foods-to-boost-your-childs-immunity/","editorial-single","3","false"
"https://x3yyntt5tp-staging.wpdns.site/es/2025/12/26/foods-to-boost-your-childs-immunity/","editorial-single","3","false"
"https://x3yyntt5tp-staging.wpdns.site/2025/12/26/after-school-programs-in-peachtree-corners-ga/","editorial-single","3","false"
"https://x3yyntt5tp-staging.wpdns.site/es/2025/12/26/after-school-programs-in-peachtree-corners-ga/","editorial-single","3","false"
"https://x3yyntt5tp-staging.wpdns.site/2025/12/26/creative-family-bonding-activities-for-all-ages/","editorial-single","3","false"
"https://x3yyntt5tp-staging.wpdns.site/es/2025/12/26/creative-family-bonding-activities-for-all-ages/","editorial-single","3","false"
"https://x3yyntt5tp-staging.wpdns.site/2025/12/26/boosting-infant-cognitive-development-activities/","editorial-single","3","false"
"https://x3yyntt5tp-staging.wpdns.site/es/2025/12/26/boosting-infant-cognitive-development-activities/","editorial-single","3","false"
"https://x3yyntt5tp-staging.wpdns.site/2025/12/26/diverse-enrichment-activities-in-after-school-programs/","editorial-single","3","false"
"https://x3yyntt5tp-staging.wpdns.site/es/2025/12/26/diverse-enrichment-activities-in-after-school-programs/","editorial-single","3","false"
"https://x3yyntt5tp-staging.wpdns.site/2025/12/26/building-early-math-skills-in-preschool-programs/","editorial-single","3","false"
"https://x3yyntt5tp-staging.wpdns.site/es/2025/12/26/building-early-math-skills-in-preschool-programs/","editorial-single","3","false"
"https://x3yyntt5tp-staging.wpdns.site/2025/12/26/guide-to-choosing-the-right-infant-daycare/","editorial-single","3","false"
"https://x3yyntt5tp-staging.wpdns.site/es/2025/12/26/guide-to-choosing-the-right-infant-daycare/","editorial-single","3","false"
"https://x3yyntt5tp-staging.wpdns.site/2025/12/26/early-literacy-development-in-our-programs/","editorial-single","3","false"
"https://x3yyntt5tp-staging.wpdns.site/es/2025/12/26/early-literacy-development-in-our-programs/","editorial-single","3","false"
"https://x3yyntt5tp-staging.wpdns.site/2025/12/26/georgia-pre-k-lottery-program-in-smyrna-ga/","editorial-single","3","false"
"https://x3yyntt5tp-staging.wpdns.site/es/2025/12/26/georgia-pre-k-lottery-program-in-smyrna-ga/","editorial-single","3","false"
"https://x3yyntt5tp-staging.wpdns.site/2025/12/26/schedule-a-tour-of-our-early-learning-academy/","editorial-single","3","false"
"https://x3yyntt5tp-staging.wpdns.site/es/2025/12/26/schedule-a-tour-of-our-early-learning-academy/","editorial-single","3","false"
"https://x3yyntt5tp-staging.wpdns.site/2025/12/26/how-to-talk-to-kids-about-difficult-topics/","editorial-single","3","false"
"https://x3yyntt5tp-staging.wpdns.site/es/2025/12/26/how-to-talk-to-kids-about-difficult-topics/","editorial-single","3","false"
"https://x3yyntt5tp-staging.wpdns.site/2025/12/26/georgia-pre-k-lottery-program-in-duluth-ga/","editorial-single","3","false"
"https://x3yyntt5tp-staging.wpdns.site/es/2025/12/26/georgia-pre-k-lottery-program-in-duluth-ga/","editorial-single","3","false"
"https://x3yyntt5tp-staging.wpdns.site/2025/12/26/implementing-personalized-learning-in-preschool/","editorial-single","3","false"
"https://x3yyntt5tp-staging.wpdns.site/es/2025/12/26/implementing-personalized-learning-in-preschool/","editorial-single","3","false"
"https://x3yyntt5tp-staging.wpdns.site/2025/12/26/essential-kindergarten-readiness-checklist-for-parents/","editorial-single","3","false"
"https://x3yyntt5tp-staging.wpdns.site/es/2025/12/26/essential-kindergarten-readiness-checklist-for-parents/","editorial-single","3","false"
"https://x3yyntt5tp-staging.wpdns.site/2025/12/26/daycare-vs-nanny-which-is-right-for-your-family/","editorial-single","3","false"
"https://x3yyntt5tp-staging.wpdns.site/es/2025/12/26/daycare-vs-nanny-which-is-right-for-your-family/","editorial-single","3","false"
"https://x3yyntt5tp-staging.wpdns.site/2025/12/26/after-school-programs-in-decatur-ga/","editorial-single","3","false"
"https://x3yyntt5tp-staging.wpdns.site/es/2025/12/26/after-school-programs-in-decatur-ga/","editorial-single","3","false"
"https://x3yyntt5tp-staging.wpdns.site/2025/12/26/the-importance-of-reading-aloud-to-young-children/","editorial-single","3","false"
"https://x3yyntt5tp-staging.wpdns.site/es/2025/12/26/the-importance-of-reading-aloud-to-young-children/","editorial-single","3","false"
"https://x3yyntt5tp-staging.wpdns.site/2025/12/26/engaging-math-games-for-preschoolers-at-home/","editorial-single","3","false"
"https://x3yyntt5tp-staging.wpdns.site/es/2025/12/26/engaging-math-games-for-preschoolers-at-home/","editorial-single","3","false"
"https://x3yyntt5tp-staging.wpdns.site/2025/12/26/montessori-vs-reggio-emilia-which-is-best/","editorial-single","3","false"
"https://x3yyntt5tp-staging.wpdns.site/es/2025/12/26/montessori-vs-reggio-emilia-which-is-best/","editorial-single","3","false"
"https://x3yyntt5tp-staging.wpdns.site/2025/12/26/kindergarten-readiness-programs-in-smyrna-ga/","editorial-single","3","false"
"https://x3yyntt5tp-staging.wpdns.site/es/2025/12/26/kindergarten-readiness-programs-in-smyrna-ga/","editorial-single","3","false"
"https://x3yyntt5tp-staging.wpdns.site/2025/12/26/top-rated-preschool-programs-in-sandy-springs-ga/","editorial-single","3","false"
"https://x3yyntt5tp-staging.wpdns.site/es/2025/12/26/top-rated-preschool-programs-in-sandy-springs-ga/","editorial-single","3","false"
"https://x3yyntt5tp-staging.wpdns.site/2025/12/26/georgia-pre-k-lottery-program-in-roswell-ga/","editorial-single","2","false"
"https://x3yyntt5tp-staging.wpdns.site/es/2025/12/26/georgia-pre-k-lottery-program-in-roswell-ga/","editorial-single","3","false"
"https://x3yyntt5tp-staging.wpdns.site/2025/12/26/creative-art-projects-for-kids-at-home/","editorial-single","3","false"
"https://x3yyntt5tp-staging.wpdns.site/es/2025/12/26/creative-art-projects-for-kids-at-home/","editorial-single","2","false"
"https://x3yyntt5tp-staging.wpdns.site/2025/12/26/fun-summer-learning-activities-for-children/","editorial-single","3","false"
"https://x3yyntt5tp-staging.wpdns.site/es/2025/12/26/fun-summer-learning-activities-for-children/","editorial-single","3","false"
"https://x3yyntt5tp-staging.wpdns.site/2025/12/26/benefits-of-music-and-movement-in-early-childhood/","editorial-single","3","false"
"https://x3yyntt5tp-staging.wpdns.site/es/2025/12/26/benefits-of-music-and-movement-in-early-childhood/","editorial-single","3","false"
"https://x3yyntt5tp-staging.wpdns.site/2025/12/26/kindergarten-readiness-programs-in-roswell-ga/","editorial-single","3","false"
"https://x3yyntt5tp-staging.wpdns.site/es/2025/12/26/kindergarten-readiness-programs-in-roswell-ga/","editorial-single","3","false"
"https://x3yyntt5tp-staging.wpdns.site/2025/12/26/kindergarten-readiness-programs-in-marietta-ga/","editorial-single","3","false"
"https://x3yyntt5tp-staging.wpdns.site/2025/12/26/fostering-creativity-with-arts-crafts-for-toddlers/","editorial-single","3","false"
"https://x3yyntt5tp-staging.wpdns.site/es/2025/12/26/fostering-creativity-with-arts-crafts-for-toddlers/","editorial-single","3","false"
"https://x3yyntt5tp-staging.wpdns.site/2025/12/26/top-rated-preschool-programs-in-peachtree-corners-ga/","editorial-single","3","false"
"https://x3yyntt5tp-staging.wpdns.site/es/2025/12/26/top-rated-preschool-programs-in-peachtree-corners-ga/","editorial-single","3","false"
"https://x3yyntt5tp-staging.wpdns.site/2025/12/26/after-school-programs-in-alpharetta-ga/","editorial-single","3","false"
"https://x3yyntt5tp-staging.wpdns.site/es/2025/12/26/after-school-programs-in-alpharetta-ga/","editorial-single","3","false"
"https://x3yyntt5tp-staging.wpdns.site/2025/12/26/the-role-of-ai-in-early-childhood-education/","editorial-single","3","false"
"https://x3yyntt5tp-staging.wpdns.site/es/2025/12/26/the-role-of-ai-in-early-childhood-education/","editorial-single","3","false"
"https://x3yyntt5tp-staging.wpdns.site/2025/12/26/essential-dental-health-tips-for-young-children/","editorial-single","3","false"
"https://x3yyntt5tp-staging.wpdns.site/es/2025/12/26/essential-dental-health-tips-for-young-children/","editorial-single","3","false"
"https://x3yyntt5tp-staging.wpdns.site/2025/12/26/ensure-childcare-safety-our-commitment-to-health-policies/","editorial-single","3","false"
"https://x3yyntt5tp-staging.wpdns.site/es/2025/12/26/ensure-childcare-safety-our-commitment-to-health-policies/","editorial-single","3","false"
"https://x3yyntt5tp-staging.wpdns.site/2025/12/26/loving-infant-care-programs-nurturing-your-babys-growth/","editorial-single","2","false"
"https://x3yyntt5tp-staging.wpdns.site/es/2025/12/26/loving-infant-care-programs-nurturing-your-babys-growth/","editorial-single","3","false"
"https://x3yyntt5tp-staging.wpdns.site/schedule-a-tour/","schedule-tour","1","false"
"https://x3yyntt5tp-staging.wpdns.site/es/schedule-a-tour/","schedule-tour","1","false"
"https://x3yyntt5tp-staging.wpdns.site/2025/12/16/early-education-trends-us-2025-key-insights-and-best-practices-for-future-learning/","editorial-single","3","false"
"https://x3yyntt5tp-staging.wpdns.site/es/2025/12/16/early-education-trends-us-2025-key-insights-and-best-practices-for-future-learning/","editorial-single","3","false"
"https://x3yyntt5tp-staging.wpdns.site/2025/12/16/how-to-strengthen-home-school-connections-for-early-learners-to-boost-family-engagement-and-child-development/","editorial-single","3","false"
"https://x3yyntt5tp-staging.wpdns.site/es/2025/12/16/how-to-strengthen-home-school-connections-for-early-learners-to-boost-family-engagement-and-child-development/","editorial-single","3","false"
"https://x3yyntt5tp-staging.wpdns.site/2025/12/16/chroma-academy-parent-involvement-tactics-for-effective-family-engagement-in-early-learning/","editorial-single","3","false"
"https://x3yyntt5tp-staging.wpdns.site/es/2025/12/16/chroma-academy-parent-involvement-tactics-for-effective-family-engagement-in-early-learning/","editorial-single","3","false"
"https://x3yyntt5tp-staging.wpdns.site/2025/12/16/loving-infant-care-programs-nurturing-your-babys-needs/","editorial-single","3","false"
"https://x3yyntt5tp-staging.wpdns.site/es/2025/12/16/loving-infant-care-programs-nurturing-your-babys-needs/","editorial-single","3","false"
"https://x3yyntt5tp-staging.wpdns.site/2025/12/16/essential-curriculum-assessment-tools-for-early-learners/","editorial-single","3","false"
"https://x3yyntt5tp-staging.wpdns.site/es/2025/12/16/essential-curriculum-assessment-tools-for-early-learners/","editorial-single","3","false"
"https://x3yyntt5tp-staging.wpdns.site/programs/","program-archive","1","false"
"https://x3yyntt5tp-staging.wpdns.site/es/programs/","program-archive","1","false"
"https://x3yyntt5tp-staging.wpdns.site/2025/12/11/how-to-choose-a-preschool-or-daycare-centre-essential-questions-to-ask-for-parents/","editorial-single","3","false"
"https://x3yyntt5tp-staging.wpdns.site/es/2025/12/11/how-to-choose-a-preschool-or-daycare-centre-essential-questions-to-ask-for-parents/","editorial-single","3","false"
"https://x3yyntt5tp-staging.wpdns.site/2025/12/11/why-sleep-is-the-secret-ingredient-to-better-behavior-understanding-the-child-sleep-behavior-connection-for-parents-and-caregivers/","editorial-single","3","false"
"https://x3yyntt5tp-staging.wpdns.site/es/2025/12/11/why-sleep-is-the-secret-ingredient-to-better-behavior-understanding-the-child-sleep-behavior-connection-for-parents-and-caregivers/","editorial-single","3","false"
"https://x3yyntt5tp-staging.wpdns.site/2025/12/11/4-things-to-say-when-your-child-isnt-listening-that-actually-work/","editorial-single","3","false"
"https://x3yyntt5tp-staging.wpdns.site/es/2025/12/11/4-things-to-say-when-your-child-isnt-listening-that-actually-work/","editorial-single","3","false"
"https://x3yyntt5tp-staging.wpdns.site/2025/12/10/5-things-to-say-instead-of-stop-crying/","editorial-single","3","false"
"https://x3yyntt5tp-staging.wpdns.site/es/2025/12/10/5-things-to-say-instead-of-stop-crying/","editorial-single","3","false"
"https://x3yyntt5tp-staging.wpdns.site/2025/12/10/signs-your-child-is-ready-for-preschool-the-ultimate-preschool-readiness-checklist-and-guide/","editorial-single","3","false"
"https://x3yyntt5tp-staging.wpdns.site/es/2025/12/10/signs-your-child-is-ready-for-preschool-the-ultimate-preschool-readiness-checklist-and-guide/","editorial-single","3","false"
"https://x3yyntt5tp-staging.wpdns.site/2025/12/10/why-children-need-movement-every-day/","editorial-single","3","false"
"https://x3yyntt5tp-staging.wpdns.site/es/2025/12/10/why-children-need-movement-every-day/","editorial-single","3","false"
"https://x3yyntt5tp-staging.wpdns.site/2025/12/10/enroll-at-chroma-academy-mcdonough-preschool-childcare-for-quality-early-learning/","editorial-single","3","false"
"https://x3yyntt5tp-staging.wpdns.site/es/2025/12/10/enroll-at-chroma-academy-mcdonough-preschool-childcare-for-quality-early-learning/","editorial-single","3","false"
"https://x3yyntt5tp-staging.wpdns.site/2025/12/10/chroma-early-learning-academy-announces-12th-metro-atlanta-location-in-canton-ga/","editorial-single","2","false"
"https://x3yyntt5tp-staging.wpdns.site/es/2025/12/10/chroma-early-learning-academy-announces-12th-metro-atlanta-location-in-canton-ga/","editorial-single","2","false"
"https://x3yyntt5tp-staging.wpdns.site/2025/12/10/learn-how-play-based-learning-transforms-early-childhood-education-for-holistic-child-development/","editorial-single","3","false"
"https://x3yyntt5tp-staging.wpdns.site/es/2025/12/10/learn-how-play-based-learning-transforms-early-childhood-education-for-holistic-child-development/","editorial-single","3","false"
"https://x3yyntt5tp-staging.wpdns.site/2025/12/10/top-strategies-to-boost-employee-retention-and-build-long-term-organizational-loyalty/","editorial-single","3","false"
"https://x3yyntt5tp-staging.wpdns.site/es/2025/12/10/top-strategies-to-boost-employee-retention-and-build-long-term-organizational-loyalty/","editorial-single","3","false"
"https://x3yyntt5tp-staging.wpdns.site/2025/12/10/how-workplace-culture-shapes-employee-retention-key-factors-and-practical-strategies/","editorial-single","3","false"
"https://x3yyntt5tp-staging.wpdns.site/es/2025/12/10/how-workplace-culture-shapes-employee-retention-key-factors-and-practical-strategies/","editorial-single","3","false"
"https://x3yyntt5tp-staging.wpdns.site/2025/12/10/how-employee-benefits-surveys-boost-retention-and-support-business-growth/","editorial-single","3","false"
"https://x3yyntt5tp-staging.wpdns.site/es/2025/12/10/how-employee-benefits-surveys-boost-retention-and-support-business-growth/","editorial-single","3","false"
"https://x3yyntt5tp-staging.wpdns.site/2025/12/10/top-10-employee-retention-strategies-that-boost-job-satisfaction-and-cut-turnover/","editorial-single","3","false"
"https://x3yyntt5tp-staging.wpdns.site/es/2025/12/10/top-10-employee-retention-strategies-that-boost-job-satisfaction-and-cut-turnover/","editorial-single","3","false"
"https://x3yyntt5tp-staging.wpdns.site/2025/12/10/chroma-early-learning-academy-opens-registration-for-2025-summer-camp-and-georgia-pre-k-programs/","editorial-single","2","false"
"https://x3yyntt5tp-staging.wpdns.site/es/2025/12/10/chroma-early-learning-academy-opens-registration-for-2025-summer-camp-and-georgia-pre-k-programs/","editorial-single","2","false"
"https://x3yyntt5tp-staging.wpdns.site/communities/","community-archive","1","false"
"https://x3yyntt5tp-staging.wpdns.site/es/communities/","community-archive","1","false"
"https://x3yyntt5tp-staging.wpdns.site/2025/12/09/chroma-early-learning-academy-design-principles-explained-understanding-the-chroma-spectrum-early-learning-framework/","editorial-single","3","false"
"https://x3yyntt5tp-staging.wpdns.site/es/2025/12/09/chroma-early-learning-academy-design-principles-explained-understanding-the-chroma-spectrum-early-learning-framework/","editorial-single","3","false"
"https://x3yyntt5tp-staging.wpdns.site/2025/12/09/integrating-technology-in-early-childhood-education-for-better-outcomes-benefits-tools-and-parental-guidance/","editorial-single","3","false"
"https://x3yyntt5tp-staging.wpdns.site/es/2025/12/09/integrating-technology-in-early-childhood-education-for-better-outcomes-benefits-tools-and-parental-guidance/","editorial-single","3","false"
"https://x3yyntt5tp-staging.wpdns.site/locations/","location-directory","1","false"
"https://x3yyntt5tp-staging.wpdns.site/es/locations/","location-directory","1","false"
"https://x3yyntt5tp-staging.wpdns.site/2025/12/04/the-importance-of-play-in-early-childhood-development-benefits-activities-and-learning-outcomes/","editorial-single","3","false"
"https://x3yyntt5tp-staging.wpdns.site/es/2025/12/04/the-importance-of-play-in-early-childhood-development-benefits-activities-and-learning-outcomes/","editorial-single","3","false"
"https://x3yyntt5tp-staging.wpdns.site/2025/12/04/essential-technology-tools-for-early-childhood-learning-benefits-applications-and-parent-guidance/","editorial-single","3","false"
"https://x3yyntt5tp-staging.wpdns.site/es/2025/12/04/essential-technology-tools-for-early-childhood-learning-benefits-applications-and-parent-guidance/","editorial-single","3","false"
"https://x3yyntt5tp-staging.wpdns.site/2025/12/04/why-early-childhood-education-matters-for-development-key-benefits-and-parental-guidance/","editorial-single","3","false"
"https://x3yyntt5tp-staging.wpdns.site/es/2025/12/04/why-early-childhood-education-matters-for-development-key-benefits-and-parental-guidance/","editorial-single","3","false"
"https://x3yyntt5tp-staging.wpdns.site/2025/12/04/chroma-early-learning-academy-enrollment-faqs-you-need-to-know-complete-guide-to-programs-process-and-parent-resources/","editorial-single","3","false"
"https://x3yyntt5tp-staging.wpdns.site/es/2025/12/04/chroma-early-learning-academy-enrollment-faqs-you-need-to-know-complete-guide-to-programs-process-and-parent-resources/","editorial-single","3","false"
"https://x3yyntt5tp-staging.wpdns.site/2025/12/04/comparing-chroma-early-learning-academys-quality-to-other-local-preschools-a-detailed-analysis-of-early-childhood-education-standards-and-programs/","editorial-single","3","false"
"https://x3yyntt5tp-staging.wpdns.site/es/2025/12/04/comparing-chroma-early-learning-academys-quality-to-other-local-preschools-a-detailed-analysis-of-early-childhood-education-standards-and-programs/","editorial-single","3","false"
"https://x3yyntt5tp-staging.wpdns.site/2025/12/04/flexible-learning-areas-for-toddlers-explained-benefits-design-and-adaptable-classroom-ideas/","editorial-single","3","false"
"https://x3yyntt5tp-staging.wpdns.site/es/2025/12/04/flexible-learning-areas-for-toddlers-explained-benefits-design-and-adaptable-classroom-ideas/","editorial-single","3","false"
"https://x3yyntt5tp-staging.wpdns.site/2025/12/04/safe-and-stimulating-learning-environments-for-early-learners-ensuring-childcare-safety-and-engaging-developmental-activities/","editorial-single","3","false"
"https://x3yyntt5tp-staging.wpdns.site/es/2025/12/04/safe-and-stimulating-learning-environments-for-early-learners-ensuring-childcare-safety-and-engaging-developmental-activities/","editorial-single","3","false"
"https://x3yyntt5tp-staging.wpdns.site/2025/12/04/how-integrating-technology-in-early-childhood-curriculum-boosts-learning-and-prepares-children-for-the-future/","editorial-single","3","false"
"https://x3yyntt5tp-staging.wpdns.site/es/2025/12/04/how-integrating-technology-in-early-childhood-curriculum-boosts-learning-and-prepares-children-for-the-future/","editorial-single","3","false"
"https://x3yyntt5tp-staging.wpdns.site/2025/12/03/how-preschool-prepares-children-for-kindergarten-success-benefits-skills-and-readiness-strategies/","editorial-single","2","false"
"https://x3yyntt5tp-staging.wpdns.site/es/2025/12/03/how-preschool-prepares-children-for-kindergarten-success-benefits-skills-and-readiness-strategies/","editorial-single","2","false"
"https://x3yyntt5tp-staging.wpdns.site/2025/12/03/key-signs-your-child-is-ready-for-kindergarten-academic-and-social-readiness-indicators-for-parents/","editorial-single","3","false"
"https://x3yyntt5tp-staging.wpdns.site/es/2025/12/03/key-signs-your-child-is-ready-for-kindergarten-academic-and-social-readiness-indicators-for-parents/","editorial-single","3","false"
"https://x3yyntt5tp-staging.wpdns.site/2025/12/03/the-critical-role-of-a-structured-curriculum-in-early-childhood-education-success-benefits-impact-and-kindergarten-readiness/","editorial-single","3","false"
"https://x3yyntt5tp-staging.wpdns.site/es/2025/12/03/the-critical-role-of-a-structured-curriculum-in-early-childhood-education-success-benefits-impact-and-kindergarten-readiness/","editorial-single","3","false"
"https://x3yyntt5tp-staging.wpdns.site/2025/12/03/early-childhood-assessment-methods-explained-comprehensive-guide-to-child-development-and-kindergarten-readiness/","editorial-single","3","false"
"https://x3yyntt5tp-staging.wpdns.site/es/2025/12/03/early-childhood-assessment-methods-explained-comprehensive-guide-to-child-development-and-kindergarten-readiness/","editorial-single","3","false"
"https://x3yyntt5tp-staging.wpdns.site/2025/12/03/how-parent-involvement-shapes-curriculum-success-in-early-learning/","editorial-single","3","false"
"https://x3yyntt5tp-staging.wpdns.site/es/2025/12/03/how-parent-involvement-shapes-curriculum-success-in-early-learning/","editorial-single","3","false"
"https://x3yyntt5tp-staging.wpdns.site/2025/12/03/10-practical-steps-to-budget-for-your-childs-early-education-expenses-year-round/","editorial-single","3","false"
"https://x3yyntt5tp-staging.wpdns.site/es/2025/12/03/10-practical-steps-to-budget-for-your-childs-early-education-expenses-year-round/","editorial-single","3","false"
"https://x3yyntt5tp-staging.wpdns.site/2025/12/03/chroma-academy-teaching-staff-who-educates-your-child-and-how-their-qualifications-ensure-quality-early-childhood-education/","editorial-single","2","false"
"https://x3yyntt5tp-staging.wpdns.site/es/2025/12/03/chroma-academy-teaching-staff-who-educates-your-child-and-how-their-qualifications-ensure-quality-early-childhood-education/","editorial-single","3","false"
"https://x3yyntt5tp-staging.wpdns.site/2025/12/03/why-preschool-education-is-crucial-for-early-development-key-benefits-and-preparation-for-lifelong-success/","editorial-single","3","false"
"https://x3yyntt5tp-staging.wpdns.site/es/2025/12/03/why-preschool-education-is-crucial-for-early-development-key-benefits-and-preparation-for-lifelong-success/","editorial-single","3","false"
"https://x3yyntt5tp-staging.wpdns.site/2025/12/03/how-quality-of-care-influences-pricing-in-early-childhood-education-services/","editorial-single","3","false"
"https://x3yyntt5tp-staging.wpdns.site/es/2025/12/03/how-quality-of-care-influences-pricing-in-early-childhood-education-services/","editorial-single","3","false"
"https://x3yyntt5tp-staging.wpdns.site/2025/12/03/why-early-learning-assessments-are-essential-for-your-childs-success-at-chroma-academy/","editorial-single","3","false"
"https://x3yyntt5tp-staging.wpdns.site/es/2025/12/03/why-early-learning-assessments-are-essential-for-your-childs-success-at-chroma-academy/","editorial-single","3","false"
"https://x3yyntt5tp-staging.wpdns.site/2025/12/03/play-based-learning-curriculum-examples-for-early-childhood-effective-activities-and-benefits/","editorial-single","3","false"
"https://x3yyntt5tp-staging.wpdns.site/es/2025/12/03/play-based-learning-curriculum-examples-for-early-childhood-effective-activities-and-benefits/","editorial-single","3","false"
"https://x3yyntt5tp-staging.wpdns.site/2025/12/03/the-wrong-way-to-raise-confidence/","editorial-single","3","false"
"https://x3yyntt5tp-staging.wpdns.site/es/2025/12/03/the-wrong-way-to-raise-confidence/","editorial-single","3","false"
"https://x3yyntt5tp-staging.wpdns.site/2025/12/02/the-surprising-benefits-of-early-childhood-education-why-it-matters-for-your-childs-development-and-future-success/","editorial-single","3","false"
"https://x3yyntt5tp-staging.wpdns.site/es/2025/12/02/the-surprising-benefits-of-early-childhood-education-why-it-matters-for-your-childs-development-and-future-success/","editorial-single","3","false"
"https://x3yyntt5tp-staging.wpdns.site/2025/12/02/the-psychology-behind-toy-throwing-understanding-your-childs-behavior/","editorial-single","3","false"
"https://x3yyntt5tp-staging.wpdns.site/es/2025/12/02/the-psychology-behind-toy-throwing-understanding-your-childs-behavior/","editorial-single","3","false"
"https://x3yyntt5tp-staging.wpdns.site/2025/12/02/how-to-raise-a-smarter-child-before-age-3-proven-brain-development-activities-and-early-intelligence-tips/","editorial-single","3","false"
"https://x3yyntt5tp-staging.wpdns.site/es/2025/12/02/how-to-raise-a-smarter-child-before-age-3-proven-brain-development-activities-and-early-intelligence-tips/","editorial-single","3","false"
"https://x3yyntt5tp-staging.wpdns.site/2025/12/02/why-you-should-not-over-react-when-your-child-gets-hurt-calm-parenting-and-emotional-support-strategies/","editorial-single","3","false"
"https://x3yyntt5tp-staging.wpdns.site/es/2025/12/02/why-you-should-not-over-react-when-your-child-gets-hurt-calm-parenting-and-emotional-support-strategies/","editorial-single","3","false"
"https://x3yyntt5tp-staging.wpdns.site/2025/12/02/choosing-between-full-day-and-half-day-preschool-practical-guidance-every-parent-can-use/","editorial-single","3","false"
"https://x3yyntt5tp-staging.wpdns.site/es/2025/12/02/choosing-between-full-day-and-half-day-preschool-practical-guidance-every-parent-can-use/","editorial-single","3","false"
"https://x3yyntt5tp-staging.wpdns.site/2025/12/02/how-nutrition-impacts-early-learning-and-behavior-essential-insights-for-child-brain-development-and-cognitive-function/","editorial-single","3","false"
"https://x3yyntt5tp-staging.wpdns.site/es/2025/12/02/how-nutrition-impacts-early-learning-and-behavior-essential-insights-for-child-brain-development-and-cognitive-function/","editorial-single","3","false"
"https://x3yyntt5tp-staging.wpdns.site/2025/12/02/chroma-early-learning-academy-expands-to-16-metro-atlanta-campuses-with-three-strategic-acquisitions/","editorial-single","2","false"
"https://x3yyntt5tp-staging.wpdns.site/es/2025/12/02/chroma-early-learning-academy-expands-to-16-metro-atlanta-campuses-with-three-strategic-acquisitions/","editorial-single","2","false"
"https://x3yyntt5tp-staging.wpdns.site/2025/12/02/how-reading-aloud-builds-your-childs-brain/","editorial-single","3","false"
"https://x3yyntt5tp-staging.wpdns.site/es/2025/12/02/how-reading-aloud-builds-your-childs-brain/","editorial-single","3","false"
"https://x3yyntt5tp-staging.wpdns.site/locations/newnan/","location-single","1","false"
"https://x3yyntt5tp-staging.wpdns.site/es/locations/newnan/","location-single","1","false"
"https://x3yyntt5tp-staging.wpdns.site/locations/north-hall-campus-murraysville/","location-single","1","false"
"https://x3yyntt5tp-staging.wpdns.site/es/locations/north-hall-campus-murraysville/","location-single","1","false"
"https://x3yyntt5tp-staging.wpdns.site/locations/midway-campus/","location-single","1","false"
"https://x3yyntt5tp-staging.wpdns.site/es/locations/midway-campus/","location-single","1","false"
"https://x3yyntt5tp-staging.wpdns.site/locations/south-cobb-campus-austell/","location-single","1","false"
"https://x3yyntt5tp-staging.wpdns.site/es/locations/south-cobb-campus-austell/","location-single","1","false"
"https://x3yyntt5tp-staging.wpdns.site/locations/rivergreen-campus/","location-single","1","false"
"https://x3yyntt5tp-staging.wpdns.site/es/locations/rivergreen-campus/","location-single","1","false"
"https://x3yyntt5tp-staging.wpdns.site/locations/jonesboro-campus/","location-single","1","false"
"https://x3yyntt5tp-staging.wpdns.site/es/locations/jonesboro-campus/","location-single","1","false"
"https://x3yyntt5tp-staging.wpdns.site/locations/satellite-bvd-campus/","location-single","1","false"
"https://x3yyntt5tp-staging.wpdns.site/es/locations/satellite-bvd-campus/","location-single","1","false"
"https://x3yyntt5tp-staging.wpdns.site/locations/west-cobb-campus/","location-single","1","false"
"https://x3yyntt5tp-staging.wpdns.site/es/locations/west-cobb-campus/","location-single","1","false"
"https://x3yyntt5tp-staging.wpdns.site/locations/ellenwood-campus/","location-single","1","false"
"https://x3yyntt5tp-staging.wpdns.site/es/locations/ellenwood-campus/","location-single","1","false"
"https://x3yyntt5tp-staging.wpdns.site/locations/roswell-campus/","location-single","1","false"
"https://x3yyntt5tp-staging.wpdns.site/es/locations/roswell-campus/","location-single","1","false"
"https://x3yyntt5tp-staging.wpdns.site/locations/east-cobb-campus/","location-single","1","false"
"https://x3yyntt5tp-staging.wpdns.site/es/locations/east-cobb-campus/","location-single","1","false"
"https://x3yyntt5tp-staging.wpdns.site/locations/lilburn-campus/","location-single","1","false"
"https://x3yyntt5tp-staging.wpdns.site/es/locations/lilburn-campus/","location-single","1","false"
"https://x3yyntt5tp-staging.wpdns.site/locations/cherokee-campus/","location-single","1","false"
"https://x3yyntt5tp-staging.wpdns.site/es/locations/cherokee-campus/","location-single","1","false"
"https://x3yyntt5tp-staging.wpdns.site/newsroom/","editorial-archive","1","false"
"https://x3yyntt5tp-staging.wpdns.site/es/newsroom/","editorial-archive","1","false"
"https://x3yyntt5tp-staging.wpdns.site/privacy-policy/","legal","1","false"
"https://x3yyntt5tp-staging.wpdns.site/es/privacy-policy/","legal","1","false"
"https://x3yyntt5tp-staging.wpdns.site/careers/","careers","2","false"
"https://x3yyntt5tp-staging.wpdns.site/es/careers/","careers","1","false"
"https://x3yyntt5tp-staging.wpdns.site/stories/","editorial-archive","1","false"
"https://x3yyntt5tp-staging.wpdns.site/es/stories/","editorial-archive","1","false"
"https://x3yyntt5tp-staging.wpdns.site/employers/","general-page","1","false"
"https://x3yyntt5tp-staging.wpdns.site/es/employers/","general-page","1","false"
"https://x3yyntt5tp-staging.wpdns.site/locations/mcdonough/","location-single","1","false"
"https://x3yyntt5tp-staging.wpdns.site/es/locations/mcdonough/","location-single","1","false"
"https://x3yyntt5tp-staging.wpdns.site/parents/","parents","1","false"
"https://x3yyntt5tp-staging.wpdns.site/es/parents/","parents","1","false"
"https://x3yyntt5tp-staging.wpdns.site/programs/parents-day-out/","program-single","2","false"
"https://x3yyntt5tp-staging.wpdns.site/es/programs/parents-day-out/","program-single","2","false"
"https://x3yyntt5tp-staging.wpdns.site/programs/camp-summer-winter-fall/","program-single","2","false"
"https://x3yyntt5tp-staging.wpdns.site/es/programs/camp-summer-winter-fall/","program-single","2","false"
"https://x3yyntt5tp-staging.wpdns.site/programs/after-school/","program-single","2","false"
"https://x3yyntt5tp-staging.wpdns.site/es/programs/after-school/","program-single","2","false"
"https://x3yyntt5tp-staging.wpdns.site/programs/ga-pre-k/","program-single","2","false"
"https://x3yyntt5tp-staging.wpdns.site/es/programs/ga-pre-k/","program-single","2","false"
"https://x3yyntt5tp-staging.wpdns.site/programs/pre-k-prep/","program-single","2","false"
"https://x3yyntt5tp-staging.wpdns.site/es/programs/pre-k-prep/","program-single","2","false"
"https://x3yyntt5tp-staging.wpdns.site/programs/preschool/","program-single","2","false"
"https://x3yyntt5tp-staging.wpdns.site/es/programs/preschool/","program-single","2","false"
"https://x3yyntt5tp-staging.wpdns.site/programs/toddler-care/","program-single","2","false"
"https://x3yyntt5tp-staging.wpdns.site/es/programs/toddler-care/","program-single","2","false"
"https://x3yyntt5tp-staging.wpdns.site/locations/tramore-campus-austell/","location-single","1","false"
"https://x3yyntt5tp-staging.wpdns.site/es/locations/tramore-campus-austell/","location-single","1","false"
"https://x3yyntt5tp-staging.wpdns.site/locations/pleasanthill-campus-duluth/","location-single","1","false"
"https://x3yyntt5tp-staging.wpdns.site/es/locations/pleasanthill-campus-duluth/","location-single","1","false"
"https://x3yyntt5tp-staging.wpdns.site/locations/lawrenceville-campus/","location-single","1","false"
"https://x3yyntt5tp-staging.wpdns.site/es/locations/lawrenceville-campus/","location-single","1","false"
"https://x3yyntt5tp-staging.wpdns.site/locations/tyrone-campus/","location-single","1","false"
"https://x3yyntt5tp-staging.wpdns.site/es/locations/tyrone-campus/","location-single","1","false"
"https://x3yyntt5tp-staging.wpdns.site/about/","about","1","false"
"https://x3yyntt5tp-staging.wpdns.site/es/about/","about","1","false"
"https://x3yyntt5tp-staging.wpdns.site/locations/johns-creek/","location-single","1","false"
"https://x3yyntt5tp-staging.wpdns.site/es/locations/johns-creek/","location-single","1","false"
"https://x3yyntt5tp-staging.wpdns.site/curriculum/","curriculum","1","false"
"https://x3yyntt5tp-staging.wpdns.site/es/curriculum/","curriculum","1","false"
"https://x3yyntt5tp-staging.wpdns.site/contact-us/","contact","1","false"
"https://x3yyntt5tp-staging.wpdns.site/es/contact-us/","contact","1","false"
"https://x3yyntt5tp-staging.wpdns.site/programs/infant-care/","program-single","2","false"
"https://x3yyntt5tp-staging.wpdns.site/es/programs/infant-care/","program-single","2","false"